image,label
augrument/captcha_0.png,2357
augrument/captcha_1.png,3442
augrument/captcha_2.png,1621
augrument/captcha_3.png,7764
augrument/captcha_4.png,0501
augrument/captcha_5.png,3423
augrument/captcha_6.png,6688
augrument/captcha_7.png,3704
augrument/captcha_8.png,6480
augrument/captcha_9.png,9174
augrument/captcha_10.png,4184
augrument/captcha_11.png,7393
augrument/captcha_12.png,5280
augrument/captcha_13.png,0130
augrument/captcha_14.png,9086
augrument/captcha_15.png,8932
augrument/captcha_16.png,7114
augrument/captcha_17.png,7496
augrument/captcha_18.png,7765
augrument/captcha_19.png,9180
augrument/captcha_20.png,2864
augrument/captcha_21.png,4671
augrument/captcha_22.png,8624
augrument/captcha_23.png,3988
augrument/captcha_24.png,4467
augrument/captcha_25.png,0904
augrument/captcha_26.png,7522
augrument/captcha_27.png,1560
augrument/captcha_28.png,6052
augrument/captcha_29.png,5054
augrument/captcha_30.png,1190
augrument/captcha_31.png,0617
augrument/captcha_32.png,2055
augrument/captcha_33.png,2374
augrument/captcha_34.png,5947
augrument/captcha_35.png,1573
augrument/captcha_36.png,5576
augrument/captcha_37.png,3834
augrument/captcha_38.png,7960
augrument/captcha_39.png,5560
augrument/captcha_40.png,5881
augrument/captcha_41.png,5336
augrument/captcha_42.png,1310
augrument/captcha_43.png,1558
augrument/captcha_44.png,9316
augrument/captcha_45.png,0036
augrument/captcha_46.png,8806
augrument/captcha_47.png,6443
augrument/captcha_48.png,4063
augrument/captcha_49.png,9228
augrument/captcha_50.png,8894
augrument/captcha_51.png,8007
augrument/captcha_52.png,3838
augrument/captcha_53.png,7569
augrument/captcha_54.png,3245
augrument/captcha_55.png,7792
augrument/captcha_56.png,4835
augrument/captcha_57.png,3645
augrument/captcha_58.png,0511
augrument/captcha_59.png,6561
augrument/captcha_60.png,7811
augrument/captcha_61.png,3424
augrument/captcha_62.png,4701
augrument/captcha_63.png,8909
augrument/captcha_64.png,0848
augrument/captcha_65.png,9877
augrument/captcha_66.png,3856
augrument/captcha_67.png,6829
augrument/captcha_68.png,1095
augrument/captcha_69.png,2445
augrument/captcha_70.png,9037
augrument/captcha_71.png,4625
augrument/captcha_72.png,2171
augrument/captcha_73.png,0103
augrument/captcha_74.png,5906
augrument/captcha_75.png,8386
augrument/captcha_76.png,3491
augrument/captcha_77.png,0909
augrument/captcha_78.png,8913
augrument/captcha_79.png,1712
augrument/captcha_80.png,9603
augrument/captcha_81.png,1763
augrument/captcha_82.png,6596
augrument/captcha_83.png,8209
augrument/captcha_84.png,8675
augrument/captcha_85.png,1554
augrument/captcha_86.png,4925
augrument/captcha_87.png,0026
augrument/captcha_88.png,9935
augrument/captcha_89.png,4003
augrument/captcha_90.png,9220
augrument/captcha_91.png,7485
augrument/captcha_92.png,3333
augrument/captcha_93.png,3224
augrument/captcha_94.png,1233
augrument/captcha_95.png,5432
augrument/captcha_96.png,7219
augrument/captcha_97.png,8273
augrument/captcha_98.png,8165
augrument/captcha_99.png,2177
augrument/captcha_100.png,5381
augrument/captcha_101.png,7346
augrument/captcha_102.png,8410
augrument/captcha_103.png,8659
augrument/captcha_104.png,4032
augrument/captcha_105.png,8951
augrument/captcha_106.png,6156
augrument/captcha_107.png,3516
augrument/captcha_108.png,5991
augrument/captcha_109.png,7563
augrument/captcha_110.png,8206
augrument/captcha_111.png,0798
augrument/captcha_112.png,8402
augrument/captcha_113.png,1767
augrument/captcha_114.png,5132
augrument/captcha_115.png,1038
augrument/captcha_116.png,7887
augrument/captcha_117.png,4589
augrument/captcha_118.png,1250
augrument/captcha_119.png,3033
augrument/captcha_120.png,1375
augrument/captcha_121.png,3124
augrument/captcha_122.png,4804
augrument/captcha_123.png,7087
augrument/captcha_124.png,1427
augrument/captcha_125.png,4980
augrument/captcha_126.png,8273
augrument/captcha_127.png,6685
augrument/captcha_128.png,6025
augrument/captcha_129.png,6239
augrument/captcha_130.png,2037
augrument/captcha_131.png,1258
augrument/captcha_132.png,8340
augrument/captcha_133.png,5196
augrument/captcha_134.png,8970
augrument/captcha_135.png,2387
augrument/captcha_136.png,4032
augrument/captcha_137.png,6033
augrument/captcha_138.png,2281
augrument/captcha_139.png,9838
augrument/captcha_140.png,7308
augrument/captcha_141.png,5999
augrument/captcha_142.png,8808
augrument/captcha_143.png,5081
augrument/captcha_144.png,5540
augrument/captcha_145.png,4750
augrument/captcha_146.png,1571
augrument/captcha_147.png,7930
augrument/captcha_148.png,7768
augrument/captcha_149.png,0670
augrument/captcha_150.png,0291
augrument/captcha_151.png,2310
augrument/captcha_152.png,2361
augrument/captcha_153.png,9631
augrument/captcha_154.png,7973
augrument/captcha_155.png,6247
augrument/captcha_156.png,4792
augrument/captcha_157.png,7962
augrument/captcha_158.png,5318
augrument/captcha_159.png,7497
augrument/captcha_160.png,7119
augrument/captcha_161.png,8642
augrument/captcha_162.png,2380
augrument/captcha_163.png,3219
augrument/captcha_164.png,2907
augrument/captcha_165.png,9912
augrument/captcha_166.png,9127
augrument/captcha_167.png,2969
augrument/captcha_168.png,1832
augrument/captcha_169.png,3629
augrument/captcha_170.png,6528
augrument/captcha_171.png,7899
augrument/captcha_172.png,0178
augrument/captcha_173.png,5729
augrument/captcha_174.png,9088
augrument/captcha_175.png,7638
augrument/captcha_176.png,3232
augrument/captcha_177.png,9278
augrument/captcha_178.png,4486
augrument/captcha_179.png,9749
augrument/captcha_180.png,4527
augrument/captcha_181.png,2411
augrument/captcha_182.png,0898
augrument/captcha_183.png,1161
augrument/captcha_184.png,4416
augrument/captcha_185.png,6366
augrument/captcha_186.png,9109
augrument/captcha_187.png,2266
augrument/captcha_188.png,7938
augrument/captcha_189.png,3951
augrument/captcha_190.png,7590
augrument/captcha_191.png,1320
augrument/captcha_192.png,1998
augrument/captcha_193.png,8573
augrument/captcha_194.png,4842
augrument/captcha_195.png,1636
augrument/captcha_196.png,6278
augrument/captcha_197.png,8199
augrument/captcha_198.png,3795
augrument/captcha_199.png,6247
augrument/captcha_200.png,5911
augrument/captcha_201.png,4954
augrument/captcha_202.png,3669
augrument/captcha_203.png,3054
augrument/captcha_204.png,3804
augrument/captcha_205.png,8323
augrument/captcha_206.png,1419
augrument/captcha_207.png,5809
augrument/captcha_208.png,1344
augrument/captcha_209.png,1712
augrument/captcha_210.png,4681
augrument/captcha_211.png,5417
augrument/captcha_212.png,3713
augrument/captcha_213.png,2508
augrument/captcha_214.png,1902
augrument/captcha_215.png,6974
augrument/captcha_216.png,7999
augrument/captcha_217.png,3259
augrument/captcha_218.png,9303
augrument/captcha_219.png,9808
augrument/captcha_220.png,5474
augrument/captcha_221.png,9294
augrument/captcha_222.png,1664
augrument/captcha_223.png,0396
augrument/captcha_224.png,6421
augrument/captcha_225.png,4446
augrument/captcha_226.png,9486
augrument/captcha_227.png,7944
augrument/captcha_228.png,7250
augrument/captcha_229.png,5154
augrument/captcha_230.png,4573
augrument/captcha_231.png,1039
augrument/captcha_232.png,4732
augrument/captcha_233.png,8924
augrument/captcha_234.png,6924
augrument/captcha_235.png,7283
augrument/captcha_236.png,8945
augrument/captcha_237.png,3899
augrument/captcha_238.png,7692
augrument/captcha_239.png,5863
augrument/captcha_240.png,6692
augrument/captcha_241.png,8295
augrument/captcha_242.png,4636
augrument/captcha_243.png,5793
augrument/captcha_244.png,8571
augrument/captcha_245.png,6358
augrument/captcha_246.png,3312
augrument/captcha_247.png,6764
augrument/captcha_248.png,5658
augrument/captcha_249.png,1382
augrument/captcha_250.png,5436
augrument/captcha_251.png,9204
augrument/captcha_252.png,9151
augrument/captcha_253.png,4658
augrument/captcha_254.png,7662
augrument/captcha_255.png,9606
augrument/captcha_256.png,2870
augrument/captcha_257.png,6273
augrument/captcha_258.png,9124
augrument/captcha_259.png,1445
augrument/captcha_260.png,9985
augrument/captcha_261.png,3982
augrument/captcha_262.png,6638
augrument/captcha_263.png,2766
augrument/captcha_264.png,7660
augrument/captcha_265.png,5033
augrument/captcha_266.png,9936
augrument/captcha_267.png,4849
augrument/captcha_268.png,1699
augrument/captcha_269.png,8356
augrument/captcha_270.png,0771
augrument/captcha_271.png,0586
augrument/captcha_272.png,4333
augrument/captcha_273.png,0105
augrument/captcha_274.png,6430
augrument/captcha_275.png,1974
augrument/captcha_276.png,7940
augrument/captcha_277.png,9823
augrument/captcha_278.png,5330
augrument/captcha_279.png,3113
augrument/captcha_280.png,0101
augrument/captcha_281.png,9477
augrument/captcha_282.png,7002
augrument/captcha_283.png,3172
augrument/captcha_284.png,4675
augrument/captcha_285.png,7982
augrument/captcha_286.png,9718
augrument/captcha_287.png,6749
augrument/captcha_288.png,1064
augrument/captcha_289.png,3166
augrument/captcha_290.png,3024
augrument/captcha_291.png,7145
augrument/captcha_292.png,0377
augrument/captcha_293.png,9404
augrument/captcha_294.png,5197
augrument/captcha_295.png,8272
augrument/captcha_296.png,0722
augrument/captcha_297.png,6383
augrument/captcha_298.png,1867
augrument/captcha_299.png,2045
augrument/captcha_300.png,2904
augrument/captcha_301.png,5363
augrument/captcha_302.png,6640
augrument/captcha_303.png,8388
augrument/captcha_304.png,6985
augrument/captcha_305.png,7961
augrument/captcha_306.png,9750
augrument/captcha_307.png,2349
augrument/captcha_308.png,4167
augrument/captcha_309.png,0300
augrument/captcha_310.png,3144
augrument/captcha_311.png,5566
augrument/captcha_312.png,6525
augrument/captcha_313.png,5972
augrument/captcha_314.png,9797
augrument/captcha_315.png,9053
augrument/captcha_316.png,6859
augrument/captcha_317.png,4645
augrument/captcha_318.png,0776
augrument/captcha_319.png,9523
augrument/captcha_320.png,6599
augrument/captcha_321.png,3773
augrument/captcha_322.png,4015
augrument/captcha_323.png,5560
augrument/captcha_324.png,8968
augrument/captcha_325.png,0798
augrument/captcha_326.png,9594
augrument/captcha_327.png,1801
augrument/captcha_328.png,1380
augrument/captcha_329.png,9122
augrument/captcha_330.png,1977
augrument/captcha_331.png,6249
augrument/captcha_332.png,3649
augrument/captcha_333.png,2124
augrument/captcha_334.png,7093
augrument/captcha_335.png,2541
augrument/captcha_336.png,0256
augrument/captcha_337.png,5184
augrument/captcha_338.png,9440
augrument/captcha_339.png,7041
augrument/captcha_340.png,2068
augrument/captcha_341.png,2075
augrument/captcha_342.png,6145
augrument/captcha_343.png,7965
augrument/captcha_344.png,1032
augrument/captcha_345.png,7703
augrument/captcha_346.png,9280
augrument/captcha_347.png,9891
augrument/captcha_348.png,1634
augrument/captcha_349.png,5314
augrument/captcha_350.png,9440
augrument/captcha_351.png,8866
augrument/captcha_352.png,7316
augrument/captcha_353.png,7463
augrument/captcha_354.png,5385
augrument/captcha_355.png,5360
augrument/captcha_356.png,7372
augrument/captcha_357.png,5875
augrument/captcha_358.png,5962
augrument/captcha_359.png,5217
augrument/captcha_360.png,7202
augrument/captcha_361.png,0029
augrument/captcha_362.png,9281
augrument/captcha_363.png,7793
augrument/captcha_364.png,8293
augrument/captcha_365.png,0680
augrument/captcha_366.png,6228
augrument/captcha_367.png,8309
augrument/captcha_368.png,6831
augrument/captcha_369.png,8289
augrument/captcha_370.png,7439
augrument/captcha_371.png,3842
augrument/captcha_372.png,4487
augrument/captcha_373.png,6264
augrument/captcha_374.png,8024
augrument/captcha_375.png,9321
augrument/captcha_376.png,6906
augrument/captcha_377.png,3682
augrument/captcha_378.png,1463
augrument/captcha_379.png,8420
augrument/captcha_380.png,5488
augrument/captcha_381.png,3366
augrument/captcha_382.png,0296
augrument/captcha_383.png,1771
augrument/captcha_384.png,0256
augrument/captcha_385.png,0394
augrument/captcha_386.png,8975
augrument/captcha_387.png,5137
augrument/captcha_388.png,5265
augrument/captcha_389.png,9514
augrument/captcha_390.png,9362
augrument/captcha_391.png,4932
augrument/captcha_392.png,9299
augrument/captcha_393.png,6064
augrument/captcha_394.png,7364
augrument/captcha_395.png,1735
augrument/captcha_396.png,1732
augrument/captcha_397.png,6755
augrument/captcha_398.png,7328
augrument/captcha_399.png,3750
augrument/captcha_400.png,1650
augrument/captcha_401.png,1291
augrument/captcha_402.png,9298
augrument/captcha_403.png,6895
augrument/captcha_404.png,1286
augrument/captcha_405.png,1616
augrument/captcha_406.png,2505
augrument/captcha_407.png,9123
augrument/captcha_408.png,8635
augrument/captcha_409.png,5415
augrument/captcha_410.png,8450
augrument/captcha_411.png,7233
augrument/captcha_412.png,0666
augrument/captcha_413.png,0972
augrument/captcha_414.png,1456
augrument/captcha_415.png,5766
augrument/captcha_416.png,1796
augrument/captcha_417.png,1698
augrument/captcha_418.png,2805
augrument/captcha_419.png,3301
augrument/captcha_420.png,7521
augrument/captcha_421.png,8748
augrument/captcha_422.png,0901
augrument/captcha_423.png,8205
augrument/captcha_424.png,2090
augrument/captcha_425.png,9318
augrument/captcha_426.png,1305
augrument/captcha_427.png,0599
augrument/captcha_428.png,5227
augrument/captcha_429.png,2377
augrument/captcha_430.png,6444
augrument/captcha_431.png,6711
augrument/captcha_432.png,1132
augrument/captcha_433.png,7814
augrument/captcha_434.png,2934
augrument/captcha_435.png,7587
augrument/captcha_436.png,9481
augrument/captcha_437.png,9674
augrument/captcha_438.png,2150
augrument/captcha_439.png,7972
augrument/captcha_440.png,2573
augrument/captcha_441.png,6862
augrument/captcha_442.png,6793
augrument/captcha_443.png,8397
augrument/captcha_444.png,3004
augrument/captcha_445.png,5301
augrument/captcha_446.png,9684
augrument/captcha_447.png,4676
augrument/captcha_448.png,5786
augrument/captcha_449.png,5072
augrument/captcha_450.png,6173
augrument/captcha_451.png,5120
augrument/captcha_452.png,5739
augrument/captcha_453.png,3392
augrument/captcha_454.png,8285
augrument/captcha_455.png,1082
augrument/captcha_456.png,7128
augrument/captcha_457.png,5274
augrument/captcha_458.png,9522
augrument/captcha_459.png,7061
augrument/captcha_460.png,4207
augrument/captcha_461.png,4499
augrument/captcha_462.png,5948
augrument/captcha_463.png,3527
augrument/captcha_464.png,0818
augrument/captcha_465.png,4019
augrument/captcha_466.png,6824
augrument/captcha_467.png,6321
augrument/captcha_468.png,7178
augrument/captcha_469.png,4446
augrument/captcha_470.png,9001
augrument/captcha_471.png,2584
augrument/captcha_472.png,6581
augrument/captcha_473.png,5551
augrument/captcha_474.png,1759
augrument/captcha_475.png,8113
augrument/captcha_476.png,9836
augrument/captcha_477.png,8251
augrument/captcha_478.png,1647
augrument/captcha_479.png,9559
augrument/captcha_480.png,7764
augrument/captcha_481.png,1141
augrument/captcha_482.png,4060
augrument/captcha_483.png,0135
augrument/captcha_484.png,0227
augrument/captcha_485.png,5756
augrument/captcha_486.png,0811
augrument/captcha_487.png,4712
augrument/captcha_488.png,6645
augrument/captcha_489.png,0877
augrument/captcha_490.png,4755
augrument/captcha_491.png,7795
augrument/captcha_492.png,0937
augrument/captcha_493.png,1285
augrument/captcha_494.png,0377
augrument/captcha_495.png,1842
augrument/captcha_496.png,7898
augrument/captcha_497.png,6800
augrument/captcha_498.png,3663
augrument/captcha_499.png,1167
augrument/captcha_500.png,5059
augrument/captcha_501.png,5747
augrument/captcha_502.png,1285
augrument/captcha_503.png,4799
augrument/captcha_504.png,9539
augrument/captcha_505.png,6424
augrument/captcha_506.png,3366
augrument/captcha_507.png,0508
augrument/captcha_508.png,9347
augrument/captcha_509.png,3598
augrument/captcha_510.png,1096
augrument/captcha_511.png,8365
augrument/captcha_512.png,3773
augrument/captcha_513.png,9754
augrument/captcha_514.png,6410
augrument/captcha_515.png,9955
augrument/captcha_516.png,3891
augrument/captcha_517.png,5104
augrument/captcha_518.png,1846
augrument/captcha_519.png,0853
augrument/captcha_520.png,3179
augrument/captcha_521.png,8143
augrument/captcha_522.png,0553
augrument/captcha_523.png,6155
augrument/captcha_524.png,0123
augrument/captcha_525.png,5270
augrument/captcha_526.png,6070
augrument/captcha_527.png,4978
augrument/captcha_528.png,9994
augrument/captcha_529.png,3061
augrument/captcha_530.png,8185
augrument/captcha_531.png,6650
augrument/captcha_532.png,2998
augrument/captcha_533.png,4154
augrument/captcha_534.png,1543
augrument/captcha_535.png,8186
augrument/captcha_536.png,6032
augrument/captcha_537.png,0502
augrument/captcha_538.png,6649
augrument/captcha_539.png,8097
augrument/captcha_540.png,3741
augrument/captcha_541.png,9465
augrument/captcha_542.png,1848
augrument/captcha_543.png,1886
augrument/captcha_544.png,7149
augrument/captcha_545.png,4225
augrument/captcha_546.png,1901
augrument/captcha_547.png,5396
augrument/captcha_548.png,6838
augrument/captcha_549.png,9225
augrument/captcha_550.png,1518
augrument/captcha_551.png,8058
augrument/captcha_552.png,9695
augrument/captcha_553.png,1109
augrument/captcha_554.png,4147
augrument/captcha_555.png,2800
augrument/captcha_556.png,1857
augrument/captcha_557.png,6811
augrument/captcha_558.png,5249
augrument/captcha_559.png,0206
augrument/captcha_560.png,7048
augrument/captcha_561.png,4922
augrument/captcha_562.png,6136
augrument/captcha_563.png,9621
augrument/captcha_564.png,5448
augrument/captcha_565.png,0097
augrument/captcha_566.png,0699
augrument/captcha_567.png,3316
augrument/captcha_568.png,7722
augrument/captcha_569.png,4617
augrument/captcha_570.png,3153
augrument/captcha_571.png,7665
augrument/captcha_572.png,5796
augrument/captcha_573.png,4126
augrument/captcha_574.png,2982
augrument/captcha_575.png,7377
augrument/captcha_576.png,6015
augrument/captcha_577.png,6299
augrument/captcha_578.png,8108
augrument/captcha_579.png,6512
augrument/captcha_580.png,6350
augrument/captcha_581.png,2361
augrument/captcha_582.png,4892
augrument/captcha_583.png,4631
augrument/captcha_584.png,9085
augrument/captcha_585.png,3188
augrument/captcha_586.png,7719
augrument/captcha_587.png,5627
augrument/captcha_588.png,0312
augrument/captcha_589.png,0990
augrument/captcha_590.png,5018
augrument/captcha_591.png,8276
augrument/captcha_592.png,9937
augrument/captcha_593.png,7879
augrument/captcha_594.png,3838
augrument/captcha_595.png,8075
augrument/captcha_596.png,9699
augrument/captcha_597.png,4899
augrument/captcha_598.png,4273
augrument/captcha_599.png,1510
augrument/captcha_600.png,1316
augrument/captcha_601.png,7248
augrument/captcha_602.png,3161
augrument/captcha_603.png,4786
augrument/captcha_604.png,5853
augrument/captcha_605.png,0680
augrument/captcha_606.png,4080
augrument/captcha_607.png,1330
augrument/captcha_608.png,4172
augrument/captcha_609.png,2333
augrument/captcha_610.png,1306
augrument/captcha_611.png,5997
augrument/captcha_612.png,1984
augrument/captcha_613.png,5010
augrument/captcha_614.png,7070
augrument/captcha_615.png,0322
augrument/captcha_616.png,5332
augrument/captcha_617.png,1288
augrument/captcha_618.png,1615
augrument/captcha_619.png,4535
augrument/captcha_620.png,9526
augrument/captcha_621.png,5216
augrument/captcha_622.png,7800
augrument/captcha_623.png,4162
augrument/captcha_624.png,6077
augrument/captcha_625.png,7834
augrument/captcha_626.png,2413
augrument/captcha_627.png,2853
augrument/captcha_628.png,7679
augrument/captcha_629.png,6082
augrument/captcha_630.png,2155
augrument/captcha_631.png,0504
augrument/captcha_632.png,1706
augrument/captcha_633.png,6930
augrument/captcha_634.png,3952
augrument/captcha_635.png,2550
augrument/captcha_636.png,5602
augrument/captcha_637.png,0415
augrument/captcha_638.png,8639
augrument/captcha_639.png,2940
augrument/captcha_640.png,2706
augrument/captcha_641.png,3322
augrument/captcha_642.png,2389
augrument/captcha_643.png,9999
augrument/captcha_644.png,5929
augrument/captcha_645.png,3601
augrument/captcha_646.png,6027
augrument/captcha_647.png,9304
augrument/captcha_648.png,9119
augrument/captcha_649.png,2455
augrument/captcha_650.png,7455
augrument/captcha_651.png,4351
augrument/captcha_652.png,6059
augrument/captcha_653.png,5535
augrument/captcha_654.png,5586
augrument/captcha_655.png,0565
augrument/captcha_656.png,2208
augrument/captcha_657.png,5667
augrument/captcha_658.png,6446
augrument/captcha_659.png,6521
augrument/captcha_660.png,6758
augrument/captcha_661.png,0831
augrument/captcha_662.png,0438
augrument/captcha_663.png,1820
augrument/captcha_664.png,3891
augrument/captcha_665.png,9474
augrument/captcha_666.png,8979
augrument/captcha_667.png,7896
augrument/captcha_668.png,2421
augrument/captcha_669.png,8043
augrument/captcha_670.png,9786
augrument/captcha_671.png,7533
augrument/captcha_672.png,8796
augrument/captcha_673.png,5734
augrument/captcha_674.png,5703
augrument/captcha_675.png,2197
augrument/captcha_676.png,2330
augrument/captcha_677.png,2449
augrument/captcha_678.png,3662
augrument/captcha_679.png,0072
augrument/captcha_680.png,5553
augrument/captcha_681.png,8683
augrument/captcha_682.png,1177
augrument/captcha_683.png,1652
augrument/captcha_684.png,0840
augrument/captcha_685.png,6148
augrument/captcha_686.png,0958
augrument/captcha_687.png,4932
augrument/captcha_688.png,0051
augrument/captcha_689.png,0263
augrument/captcha_690.png,0439
augrument/captcha_691.png,7628
augrument/captcha_692.png,0406
augrument/captcha_693.png,8500
augrument/captcha_694.png,2441
augrument/captcha_695.png,9429
augrument/captcha_696.png,5984
augrument/captcha_697.png,7204
augrument/captcha_698.png,3003
augrument/captcha_699.png,4806
augrument/captcha_700.png,4179
augrument/captcha_701.png,9576
augrument/captcha_702.png,7419
augrument/captcha_703.png,1121
augrument/captcha_704.png,2953
augrument/captcha_705.png,8865
augrument/captcha_706.png,3783
augrument/captcha_707.png,7644
augrument/captcha_708.png,8326
augrument/captcha_709.png,0755
augrument/captcha_710.png,1956
augrument/captcha_711.png,1802
augrument/captcha_712.png,0966
augrument/captcha_713.png,4880
augrument/captcha_714.png,2487
augrument/captcha_715.png,0046
augrument/captcha_716.png,2962
augrument/captcha_717.png,5076
augrument/captcha_718.png,4662
augrument/captcha_719.png,0229
augrument/captcha_720.png,3706
augrument/captcha_721.png,1509
augrument/captcha_722.png,2123
augrument/captcha_723.png,2956
augrument/captcha_724.png,3395
augrument/captcha_725.png,2296
augrument/captcha_726.png,8794
augrument/captcha_727.png,1660
augrument/captcha_728.png,3342
augrument/captcha_729.png,9915
augrument/captcha_730.png,1651
augrument/captcha_731.png,7115
augrument/captcha_732.png,1714
augrument/captcha_733.png,1575
augrument/captcha_734.png,0369
augrument/captcha_735.png,5511
augrument/captcha_736.png,2450
augrument/captcha_737.png,8026
augrument/captcha_738.png,8424
augrument/captcha_739.png,5383
augrument/captcha_740.png,3524
augrument/captcha_741.png,0252
augrument/captcha_742.png,0836
augrument/captcha_743.png,2444
augrument/captcha_744.png,8812
augrument/captcha_745.png,5693
augrument/captcha_746.png,4133
augrument/captcha_747.png,3732
augrument/captcha_748.png,6865
augrument/captcha_749.png,4984
augrument/captcha_750.png,1717
augrument/captcha_751.png,6984
augrument/captcha_752.png,9303
augrument/captcha_753.png,9240
augrument/captcha_754.png,2153
augrument/captcha_755.png,1568
augrument/captcha_756.png,3565
augrument/captcha_757.png,5500
augrument/captcha_758.png,1100
augrument/captcha_759.png,8389
augrument/captcha_760.png,9639
augrument/captcha_761.png,2877
augrument/captcha_762.png,8995
augrument/captcha_763.png,6468
augrument/captcha_764.png,9547
augrument/captcha_765.png,5783
augrument/captcha_766.png,8889
augrument/captcha_767.png,5668
augrument/captcha_768.png,2560
augrument/captcha_769.png,9700
augrument/captcha_770.png,3230
augrument/captcha_771.png,6906
augrument/captcha_772.png,1714
augrument/captcha_773.png,4704
augrument/captcha_774.png,8042
augrument/captcha_775.png,6780
augrument/captcha_776.png,7128
augrument/captcha_777.png,9588
augrument/captcha_778.png,7264
augrument/captcha_779.png,3830
augrument/captcha_780.png,3910
augrument/captcha_781.png,1781
augrument/captcha_782.png,4460
augrument/captcha_783.png,7162
augrument/captcha_784.png,6655
augrument/captcha_785.png,7204
augrument/captcha_786.png,9096
augrument/captcha_787.png,3362
augrument/captcha_788.png,2804
augrument/captcha_789.png,9370
augrument/captcha_790.png,3287
augrument/captcha_791.png,7116
augrument/captcha_792.png,1963
augrument/captcha_793.png,9113
augrument/captcha_794.png,1376
augrument/captcha_795.png,3698
augrument/captcha_796.png,2186
augrument/captcha_797.png,4404
augrument/captcha_798.png,3638
augrument/captcha_799.png,5736
augrument/captcha_800.png,7807
augrument/captcha_801.png,7645
augrument/captcha_802.png,6085
augrument/captcha_803.png,2122
augrument/captcha_804.png,8880
augrument/captcha_805.png,5454
augrument/captcha_806.png,5808
augrument/captcha_807.png,8707
augrument/captcha_808.png,4755
augrument/captcha_809.png,8138
augrument/captcha_810.png,4122
augrument/captcha_811.png,8590
augrument/captcha_812.png,9403
augrument/captcha_813.png,2899
augrument/captcha_814.png,1073
augrument/captcha_815.png,4319
augrument/captcha_816.png,0650
augrument/captcha_817.png,0887
augrument/captcha_818.png,7767
augrument/captcha_819.png,8502
augrument/captcha_820.png,7890
augrument/captcha_821.png,3109
augrument/captcha_822.png,0053
augrument/captcha_823.png,4655
augrument/captcha_824.png,9975
augrument/captcha_825.png,7012
augrument/captcha_826.png,1261
augrument/captcha_827.png,4920
augrument/captcha_828.png,2374
augrument/captcha_829.png,7607
augrument/captcha_830.png,6249
augrument/captcha_831.png,6609
augrument/captcha_832.png,8312
augrument/captcha_833.png,1193
augrument/captcha_834.png,3609
augrument/captcha_835.png,5435
augrument/captcha_836.png,2294
augrument/captcha_837.png,8848
augrument/captcha_838.png,1033
augrument/captcha_839.png,1245
augrument/captcha_840.png,9112
augrument/captcha_841.png,0862
augrument/captcha_842.png,7796
augrument/captcha_843.png,8635
augrument/captcha_844.png,4814
augrument/captcha_845.png,0598
augrument/captcha_846.png,3561
augrument/captcha_847.png,5155
augrument/captcha_848.png,7079
augrument/captcha_849.png,1928
augrument/captcha_850.png,7736
augrument/captcha_851.png,3247
augrument/captcha_852.png,1640
augrument/captcha_853.png,0303
augrument/captcha_854.png,3903
augrument/captcha_855.png,0613
augrument/captcha_856.png,8806
augrument/captcha_857.png,8995
augrument/captcha_858.png,1497
augrument/captcha_859.png,1595
augrument/captcha_860.png,3885
augrument/captcha_861.png,0577
augrument/captcha_862.png,9994
augrument/captcha_863.png,4133
augrument/captcha_864.png,8405
augrument/captcha_865.png,3541
augrument/captcha_866.png,8177
augrument/captcha_867.png,3115
augrument/captcha_868.png,5900
augrument/captcha_869.png,9595
augrument/captcha_870.png,1247
augrument/captcha_871.png,5239
augrument/captcha_872.png,2616
augrument/captcha_873.png,0993
augrument/captcha_874.png,9213
augrument/captcha_875.png,2773
augrument/captcha_876.png,7424
augrument/captcha_877.png,7140
augrument/captcha_878.png,3113
augrument/captcha_879.png,8957
augrument/captcha_880.png,6643
augrument/captcha_881.png,6423
augrument/captcha_882.png,2011
augrument/captcha_883.png,5445
augrument/captcha_884.png,6390
augrument/captcha_885.png,0413
augrument/captcha_886.png,0685
augrument/captcha_887.png,4034
augrument/captcha_888.png,3840
augrument/captcha_889.png,4630
augrument/captcha_890.png,7626
augrument/captcha_891.png,6413
augrument/captcha_892.png,3862
augrument/captcha_893.png,7426
augrument/captcha_894.png,9566
augrument/captcha_895.png,6831
augrument/captcha_896.png,6021
augrument/captcha_897.png,1457
augrument/captcha_898.png,5350
augrument/captcha_899.png,6697
augrument/captcha_900.png,0404
augrument/captcha_901.png,4569
augrument/captcha_902.png,4430
augrument/captcha_903.png,2104
augrument/captcha_904.png,9202
augrument/captcha_905.png,2168
augrument/captcha_906.png,5214
augrument/captcha_907.png,2386
augrument/captcha_908.png,7301
augrument/captcha_909.png,8276
augrument/captcha_910.png,9495
augrument/captcha_911.png,7141
augrument/captcha_912.png,8958
augrument/captcha_913.png,8568
augrument/captcha_914.png,0272
augrument/captcha_915.png,6359
augrument/captcha_916.png,2259
augrument/captcha_917.png,1041
augrument/captcha_918.png,7693
augrument/captcha_919.png,5624
augrument/captcha_920.png,2994
augrument/captcha_921.png,6403
augrument/captcha_922.png,6795
augrument/captcha_923.png,0498
augrument/captcha_924.png,4401
augrument/captcha_925.png,8448
augrument/captcha_926.png,6685
augrument/captcha_927.png,8093
augrument/captcha_928.png,6349
augrument/captcha_929.png,1728
augrument/captcha_930.png,9345
augrument/captcha_931.png,5402
augrument/captcha_932.png,2791
augrument/captcha_933.png,6146
augrument/captcha_934.png,5359
augrument/captcha_935.png,8405
augrument/captcha_936.png,9701
augrument/captcha_937.png,7838
augrument/captcha_938.png,3163
augrument/captcha_939.png,5199
augrument/captcha_940.png,0609
augrument/captcha_941.png,5405
augrument/captcha_942.png,9380
augrument/captcha_943.png,1624
augrument/captcha_944.png,1090
augrument/captcha_945.png,0162
augrument/captcha_946.png,6227
augrument/captcha_947.png,4202
augrument/captcha_948.png,5145
augrument/captcha_949.png,1831
augrument/captcha_950.png,4355
augrument/captcha_951.png,9901
augrument/captcha_952.png,6553
augrument/captcha_953.png,9560
augrument/captcha_954.png,0916
augrument/captcha_955.png,9522
augrument/captcha_956.png,9661
augrument/captcha_957.png,9383
augrument/captcha_958.png,4599
augrument/captcha_959.png,8451
augrument/captcha_960.png,0487
augrument/captcha_961.png,9568
augrument/captcha_962.png,8709
augrument/captcha_963.png,7931
augrument/captcha_964.png,5865
augrument/captcha_965.png,4763
augrument/captcha_966.png,5929
augrument/captcha_967.png,8333
augrument/captcha_968.png,2647
augrument/captcha_969.png,9560
augrument/captcha_970.png,7077
augrument/captcha_971.png,9506
augrument/captcha_972.png,0467
augrument/captcha_973.png,2227
augrument/captcha_974.png,0165
augrument/captcha_975.png,3288
augrument/captcha_976.png,2543
augrument/captcha_977.png,8369
augrument/captcha_978.png,7177
augrument/captcha_979.png,7293
augrument/captcha_980.png,8541
augrument/captcha_981.png,8705
augrument/captcha_982.png,4535
augrument/captcha_983.png,4155
augrument/captcha_984.png,6066
augrument/captcha_985.png,0183
augrument/captcha_986.png,5469
augrument/captcha_987.png,2058
augrument/captcha_988.png,6431
augrument/captcha_989.png,1633
augrument/captcha_990.png,3427
augrument/captcha_991.png,0431
augrument/captcha_992.png,7544
augrument/captcha_993.png,3953
augrument/captcha_994.png,0222
augrument/captcha_995.png,2654
augrument/captcha_996.png,9515
augrument/captcha_997.png,7605
augrument/captcha_998.png,4165
augrument/captcha_999.png,7796
augrument/captcha_1000.png,2797
augrument/captcha_1001.png,5913
augrument/captcha_1002.png,6189
augrument/captcha_1003.png,7753
augrument/captcha_1004.png,6180
augrument/captcha_1005.png,1086
augrument/captcha_1006.png,6275
augrument/captcha_1007.png,9602
augrument/captcha_1008.png,7865
augrument/captcha_1009.png,1572
augrument/captcha_1010.png,6872
augrument/captcha_1011.png,8466
augrument/captcha_1012.png,6814
augrument/captcha_1013.png,9904
augrument/captcha_1014.png,8461
augrument/captcha_1015.png,1434
augrument/captcha_1016.png,1988
augrument/captcha_1017.png,5393
augrument/captcha_1018.png,9440
augrument/captcha_1019.png,3823
augrument/captcha_1020.png,5125
augrument/captcha_1021.png,7081
augrument/captcha_1022.png,2549
augrument/captcha_1023.png,5983
augrument/captcha_1024.png,3852
augrument/captcha_1025.png,6744
augrument/captcha_1026.png,3495
augrument/captcha_1027.png,9613
augrument/captcha_1028.png,5784
augrument/captcha_1029.png,6291
augrument/captcha_1030.png,3724
augrument/captcha_1031.png,8244
augrument/captcha_1032.png,9685
augrument/captcha_1033.png,0684
augrument/captcha_1034.png,9640
augrument/captcha_1035.png,4014
augrument/captcha_1036.png,5188
augrument/captcha_1037.png,8715
augrument/captcha_1038.png,4858
augrument/captcha_1039.png,5803
augrument/captcha_1040.png,9711
augrument/captcha_1041.png,4876
augrument/captcha_1042.png,5832
augrument/captcha_1043.png,8472
augrument/captcha_1044.png,4598
augrument/captcha_1045.png,3963
augrument/captcha_1046.png,6679
augrument/captcha_1047.png,5706
augrument/captcha_1048.png,5443
augrument/captcha_1049.png,4821
augrument/captcha_1050.png,8216
augrument/captcha_1051.png,7406
augrument/captcha_1052.png,0914
augrument/captcha_1053.png,4382
augrument/captcha_1054.png,1744
augrument/captcha_1055.png,8309
augrument/captcha_1056.png,2108
augrument/captcha_1057.png,1318
augrument/captcha_1058.png,6983
augrument/captcha_1059.png,9779
augrument/captcha_1060.png,8699
augrument/captcha_1061.png,6302
augrument/captcha_1062.png,0344
augrument/captcha_1063.png,4404
augrument/captcha_1064.png,1702
augrument/captcha_1065.png,7127
augrument/captcha_1066.png,7115
augrument/captcha_1067.png,0685
augrument/captcha_1068.png,1461
augrument/captcha_1069.png,7392
augrument/captcha_1070.png,4951
augrument/captcha_1071.png,7177
augrument/captcha_1072.png,3937
augrument/captcha_1073.png,9937
augrument/captcha_1074.png,8734
augrument/captcha_1075.png,4630
augrument/captcha_1076.png,6873
augrument/captcha_1077.png,1730
augrument/captcha_1078.png,6633
augrument/captcha_1079.png,9879
augrument/captcha_1080.png,0588
augrument/captcha_1081.png,4612
augrument/captcha_1082.png,8985
augrument/captcha_1083.png,0338
augrument/captcha_1084.png,7443
augrument/captcha_1085.png,8503
augrument/captcha_1086.png,3391
augrument/captcha_1087.png,6270
augrument/captcha_1088.png,5662
augrument/captcha_1089.png,1065
augrument/captcha_1090.png,4323
augrument/captcha_1091.png,7453
augrument/captcha_1092.png,6109
augrument/captcha_1093.png,1372
augrument/captcha_1094.png,4028
augrument/captcha_1095.png,7485
augrument/captcha_1096.png,3202
augrument/captcha_1097.png,6866
augrument/captcha_1098.png,5364
augrument/captcha_1099.png,5996
augrument/captcha_1100.png,6185
augrument/captcha_1101.png,0141
augrument/captcha_1102.png,5824
augrument/captcha_1103.png,4664
augrument/captcha_1104.png,0549
augrument/captcha_1105.png,9938
augrument/captcha_1106.png,2431
augrument/captcha_1107.png,5498
augrument/captcha_1108.png,6285
augrument/captcha_1109.png,4964
augrument/captcha_1110.png,8273
augrument/captcha_1111.png,0098
augrument/captcha_1112.png,2156
augrument/captcha_1113.png,0615
augrument/captcha_1114.png,6239
augrument/captcha_1115.png,5262
augrument/captcha_1116.png,5867
augrument/captcha_1117.png,8510
augrument/captcha_1118.png,5218
augrument/captcha_1119.png,0413
augrument/captcha_1120.png,6331
augrument/captcha_1121.png,7440
augrument/captcha_1122.png,4879
augrument/captcha_1123.png,7242
augrument/captcha_1124.png,6572
augrument/captcha_1125.png,0755
augrument/captcha_1126.png,9128
augrument/captcha_1127.png,5991
augrument/captcha_1128.png,7578
augrument/captcha_1129.png,5775
augrument/captcha_1130.png,9178
augrument/captcha_1131.png,5461
augrument/captcha_1132.png,9027
augrument/captcha_1133.png,3489
augrument/captcha_1134.png,9846
augrument/captcha_1135.png,0183
augrument/captcha_1136.png,6122
augrument/captcha_1137.png,3962
augrument/captcha_1138.png,1405
augrument/captcha_1139.png,0336
augrument/captcha_1140.png,8184
augrument/captcha_1141.png,1427
augrument/captcha_1142.png,3023
augrument/captcha_1143.png,7596
augrument/captcha_1144.png,5388
augrument/captcha_1145.png,3663
augrument/captcha_1146.png,7252
augrument/captcha_1147.png,3788
augrument/captcha_1148.png,3502
augrument/captcha_1149.png,4970
augrument/captcha_1150.png,2332
augrument/captcha_1151.png,4378
augrument/captcha_1152.png,7007
augrument/captcha_1153.png,7440
augrument/captcha_1154.png,6698
augrument/captcha_1155.png,6558
augrument/captcha_1156.png,7773
augrument/captcha_1157.png,4259
augrument/captcha_1158.png,6547
augrument/captcha_1159.png,5577
augrument/captcha_1160.png,4472
augrument/captcha_1161.png,4306
augrument/captcha_1162.png,7935
augrument/captcha_1163.png,1672
augrument/captcha_1164.png,5280
augrument/captcha_1165.png,6602
augrument/captcha_1166.png,3272
augrument/captcha_1167.png,9043
augrument/captcha_1168.png,3331
augrument/captcha_1169.png,1490
augrument/captcha_1170.png,3786
augrument/captcha_1171.png,7379
augrument/captcha_1172.png,5107
augrument/captcha_1173.png,8941
augrument/captcha_1174.png,7288
augrument/captcha_1175.png,8382
augrument/captcha_1176.png,4390
augrument/captcha_1177.png,3072
augrument/captcha_1178.png,2357
augrument/captcha_1179.png,5224
augrument/captcha_1180.png,2040
augrument/captcha_1181.png,4876
augrument/captcha_1182.png,3883
augrument/captcha_1183.png,6546
augrument/captcha_1184.png,1260
augrument/captcha_1185.png,8420
augrument/captcha_1186.png,9761
augrument/captcha_1187.png,5458
augrument/captcha_1188.png,7498
augrument/captcha_1189.png,2296
augrument/captcha_1190.png,4319
augrument/captcha_1191.png,3024
augrument/captcha_1192.png,5136
augrument/captcha_1193.png,0819
augrument/captcha_1194.png,3456
augrument/captcha_1195.png,3967
augrument/captcha_1196.png,5325
augrument/captcha_1197.png,1723
augrument/captcha_1198.png,8000
augrument/captcha_1199.png,0242
augrument/captcha_1200.png,8146
augrument/captcha_1201.png,6286
augrument/captcha_1202.png,5623
augrument/captcha_1203.png,1141
augrument/captcha_1204.png,7649
augrument/captcha_1205.png,5954
augrument/captcha_1206.png,8359
augrument/captcha_1207.png,4951
augrument/captcha_1208.png,8824
augrument/captcha_1209.png,2995
augrument/captcha_1210.png,9144
augrument/captcha_1211.png,2482
augrument/captcha_1212.png,6000
augrument/captcha_1213.png,7859
augrument/captcha_1214.png,1990
augrument/captcha_1215.png,5053
augrument/captcha_1216.png,1424
augrument/captcha_1217.png,2270
augrument/captcha_1218.png,3888
augrument/captcha_1219.png,3211
augrument/captcha_1220.png,7912
augrument/captcha_1221.png,3538
augrument/captcha_1222.png,6324
augrument/captcha_1223.png,9052
augrument/captcha_1224.png,0923
augrument/captcha_1225.png,4104
augrument/captcha_1226.png,2857
augrument/captcha_1227.png,5536
augrument/captcha_1228.png,8993
augrument/captcha_1229.png,1117
augrument/captcha_1230.png,0720
augrument/captcha_1231.png,0506
augrument/captcha_1232.png,9430
augrument/captcha_1233.png,7764
augrument/captcha_1234.png,8776
augrument/captcha_1235.png,0803
augrument/captcha_1236.png,9284
augrument/captcha_1237.png,3471
augrument/captcha_1238.png,0429
augrument/captcha_1239.png,3681
augrument/captcha_1240.png,6192
augrument/captcha_1241.png,2094
augrument/captcha_1242.png,6199
augrument/captcha_1243.png,4880
augrument/captcha_1244.png,2780
augrument/captcha_1245.png,0175
augrument/captcha_1246.png,8689
augrument/captcha_1247.png,9721
augrument/captcha_1248.png,4379
augrument/captcha_1249.png,7581
augrument/captcha_1250.png,4518
augrument/captcha_1251.png,1976
augrument/captcha_1252.png,3164
augrument/captcha_1253.png,9889
augrument/captcha_1254.png,7871
augrument/captcha_1255.png,7972
augrument/captcha_1256.png,7533
augrument/captcha_1257.png,2293
augrument/captcha_1258.png,6280
augrument/captcha_1259.png,3318
augrument/captcha_1260.png,8248
augrument/captcha_1261.png,0237
augrument/captcha_1262.png,8867
augrument/captcha_1263.png,6728
augrument/captcha_1264.png,1415
augrument/captcha_1265.png,9293
augrument/captcha_1266.png,1080
augrument/captcha_1267.png,5187
augrument/captcha_1268.png,0608
augrument/captcha_1269.png,2486
augrument/captcha_1270.png,1009
augrument/captcha_1271.png,2456
augrument/captcha_1272.png,0150
augrument/captcha_1273.png,9902
augrument/captcha_1274.png,3312
augrument/captcha_1275.png,2388
augrument/captcha_1276.png,7489
augrument/captcha_1277.png,2063
augrument/captcha_1278.png,7004
augrument/captcha_1279.png,7142
augrument/captcha_1280.png,1299
augrument/captcha_1281.png,0504
augrument/captcha_1282.png,1298
augrument/captcha_1283.png,6664
augrument/captcha_1284.png,7478
augrument/captcha_1285.png,4140
augrument/captcha_1286.png,7331
augrument/captcha_1287.png,1559
augrument/captcha_1288.png,1737
augrument/captcha_1289.png,5157
augrument/captcha_1290.png,5796
augrument/captcha_1291.png,8825
augrument/captcha_1292.png,1260
augrument/captcha_1293.png,3560
augrument/captcha_1294.png,5257
augrument/captcha_1295.png,6018
augrument/captcha_1296.png,6616
augrument/captcha_1297.png,8719
augrument/captcha_1298.png,0799
augrument/captcha_1299.png,1105
augrument/captcha_1300.png,5865
augrument/captcha_1301.png,2713
augrument/captcha_1302.png,6798
augrument/captcha_1303.png,0172
augrument/captcha_1304.png,1209
augrument/captcha_1305.png,4612
augrument/captcha_1306.png,9144
augrument/captcha_1307.png,6070
augrument/captcha_1308.png,6708
augrument/captcha_1309.png,7273
augrument/captcha_1310.png,9478
augrument/captcha_1311.png,7206
augrument/captcha_1312.png,9677
augrument/captcha_1313.png,1505
augrument/captcha_1314.png,6579
augrument/captcha_1315.png,7934
augrument/captcha_1316.png,5080
augrument/captcha_1317.png,3940
augrument/captcha_1318.png,2421
augrument/captcha_1319.png,6594
augrument/captcha_1320.png,8487
augrument/captcha_1321.png,0627
augrument/captcha_1322.png,8588
augrument/captcha_1323.png,7073
augrument/captcha_1324.png,1636
augrument/captcha_1325.png,1342
augrument/captcha_1326.png,7765
augrument/captcha_1327.png,9231
augrument/captcha_1328.png,6540
augrument/captcha_1329.png,0309
augrument/captcha_1330.png,3094
augrument/captcha_1331.png,2020
augrument/captcha_1332.png,7838
augrument/captcha_1333.png,4309
augrument/captcha_1334.png,1288
augrument/captcha_1335.png,3877
augrument/captcha_1336.png,2702
augrument/captcha_1337.png,6858
augrument/captcha_1338.png,9824
augrument/captcha_1339.png,5455
augrument/captcha_1340.png,5840
augrument/captcha_1341.png,6894
augrument/captcha_1342.png,4188
augrument/captcha_1343.png,7584
augrument/captcha_1344.png,6205
augrument/captcha_1345.png,7862
augrument/captcha_1346.png,3248
augrument/captcha_1347.png,8187
augrument/captcha_1348.png,8943
augrument/captcha_1349.png,0634
augrument/captcha_1350.png,7230
augrument/captcha_1351.png,1878
augrument/captcha_1352.png,1280
augrument/captcha_1353.png,2318
augrument/captcha_1354.png,3356
augrument/captcha_1355.png,8095
augrument/captcha_1356.png,7014
augrument/captcha_1357.png,0320
augrument/captcha_1358.png,4207
augrument/captcha_1359.png,6961
augrument/captcha_1360.png,4044
augrument/captcha_1361.png,3084
augrument/captcha_1362.png,7074
augrument/captcha_1363.png,1755
augrument/captcha_1364.png,1615
augrument/captcha_1365.png,9140
augrument/captcha_1366.png,5676
augrument/captcha_1367.png,6744
augrument/captcha_1368.png,5518
augrument/captcha_1369.png,3976
augrument/captcha_1370.png,4341
augrument/captcha_1371.png,9503
augrument/captcha_1372.png,2816
augrument/captcha_1373.png,1223
augrument/captcha_1374.png,7635
augrument/captcha_1375.png,7804
augrument/captcha_1376.png,5304
augrument/captcha_1377.png,1503
augrument/captcha_1378.png,8153
augrument/captcha_1379.png,5361
augrument/captcha_1380.png,3949
augrument/captcha_1381.png,4990
augrument/captcha_1382.png,1775
augrument/captcha_1383.png,0201
augrument/captcha_1384.png,8719
augrument/captcha_1385.png,9382
augrument/captcha_1386.png,4613
augrument/captcha_1387.png,1520
augrument/captcha_1388.png,6079
augrument/captcha_1389.png,8531
augrument/captcha_1390.png,5145
augrument/captcha_1391.png,2777
augrument/captcha_1392.png,3106
augrument/captcha_1393.png,0287
augrument/captcha_1394.png,5480
augrument/captcha_1395.png,5166
augrument/captcha_1396.png,5599
augrument/captcha_1397.png,0575
augrument/captcha_1398.png,5564
augrument/captcha_1399.png,3545
augrument/captcha_1400.png,7474
augrument/captcha_1401.png,5765
augrument/captcha_1402.png,5159
augrument/captcha_1403.png,3407
augrument/captcha_1404.png,9166
augrument/captcha_1405.png,7441
augrument/captcha_1406.png,5114
augrument/captcha_1407.png,6134
augrument/captcha_1408.png,2581
augrument/captcha_1409.png,6620
augrument/captcha_1410.png,2706
augrument/captcha_1411.png,6907
augrument/captcha_1412.png,2944
augrument/captcha_1413.png,1311
augrument/captcha_1414.png,4986
augrument/captcha_1415.png,7586
augrument/captcha_1416.png,5810
augrument/captcha_1417.png,8162
augrument/captcha_1418.png,3885
augrument/captcha_1419.png,6038
augrument/captcha_1420.png,2015
augrument/captcha_1421.png,5246
augrument/captcha_1422.png,9269
augrument/captcha_1423.png,0894
augrument/captcha_1424.png,7663
augrument/captcha_1425.png,4409
augrument/captcha_1426.png,3913
augrument/captcha_1427.png,0310
augrument/captcha_1428.png,5388
augrument/captcha_1429.png,3893
augrument/captcha_1430.png,6825
augrument/captcha_1431.png,8418
augrument/captcha_1432.png,3744
augrument/captcha_1433.png,1642
augrument/captcha_1434.png,6518
augrument/captcha_1435.png,9859
augrument/captcha_1436.png,5143
augrument/captcha_1437.png,5495
augrument/captcha_1438.png,5215
augrument/captcha_1439.png,1389
augrument/captcha_1440.png,4981
augrument/captcha_1441.png,6381
augrument/captcha_1442.png,5035
augrument/captcha_1443.png,7199
augrument/captcha_1444.png,1996
augrument/captcha_1445.png,9816
augrument/captcha_1446.png,0844
augrument/captcha_1447.png,5269
augrument/captcha_1448.png,3568
augrument/captcha_1449.png,8330
augrument/captcha_1450.png,0470
augrument/captcha_1451.png,2410
augrument/captcha_1452.png,0463
augrument/captcha_1453.png,1534
augrument/captcha_1454.png,2045
augrument/captcha_1455.png,1856
augrument/captcha_1456.png,6933
augrument/captcha_1457.png,4349
augrument/captcha_1458.png,7608
augrument/captcha_1459.png,1026
augrument/captcha_1460.png,0644
augrument/captcha_1461.png,4876
augrument/captcha_1462.png,5150
augrument/captcha_1463.png,9460
augrument/captcha_1464.png,3122
augrument/captcha_1465.png,4397
augrument/captcha_1466.png,6435
augrument/captcha_1467.png,9822
augrument/captcha_1468.png,4505
augrument/captcha_1469.png,6767
augrument/captcha_1470.png,8074
augrument/captcha_1471.png,2547
augrument/captcha_1472.png,7941
augrument/captcha_1473.png,9044
augrument/captcha_1474.png,6076
augrument/captcha_1475.png,4324
augrument/captcha_1476.png,3165
augrument/captcha_1477.png,5528
augrument/captcha_1478.png,3098
augrument/captcha_1479.png,8367
augrument/captcha_1480.png,9722
augrument/captcha_1481.png,1910
augrument/captcha_1482.png,2369
augrument/captcha_1483.png,3327
augrument/captcha_1484.png,8496
augrument/captcha_1485.png,8859
augrument/captcha_1486.png,6870
augrument/captcha_1487.png,4318
augrument/captcha_1488.png,4187
augrument/captcha_1489.png,1818
augrument/captcha_1490.png,2538
augrument/captcha_1491.png,2477
augrument/captcha_1492.png,0845
augrument/captcha_1493.png,3981
augrument/captcha_1494.png,8752
augrument/captcha_1495.png,3351
augrument/captcha_1496.png,6139
augrument/captcha_1497.png,9149
augrument/captcha_1498.png,7210
augrument/captcha_1499.png,3365
augrument/captcha_1500.png,9644
augrument/captcha_1501.png,0436
augrument/captcha_1502.png,6211
augrument/captcha_1503.png,5502
augrument/captcha_1504.png,6775
augrument/captcha_1505.png,6280
augrument/captcha_1506.png,0595
augrument/captcha_1507.png,0942
augrument/captcha_1508.png,0387
augrument/captcha_1509.png,7854
augrument/captcha_1510.png,8915
augrument/captcha_1511.png,5222
augrument/captcha_1512.png,3188
augrument/captcha_1513.png,6643
augrument/captcha_1514.png,9616
augrument/captcha_1515.png,2138
augrument/captcha_1516.png,0014
augrument/captcha_1517.png,0018
augrument/captcha_1518.png,7992
augrument/captcha_1519.png,9793
augrument/captcha_1520.png,5734
augrument/captcha_1521.png,4641
augrument/captcha_1522.png,3599
augrument/captcha_1523.png,5251
augrument/captcha_1524.png,3162
augrument/captcha_1525.png,5270
augrument/captcha_1526.png,2462
augrument/captcha_1527.png,0419
augrument/captcha_1528.png,9871
augrument/captcha_1529.png,6032
augrument/captcha_1530.png,5211
augrument/captcha_1531.png,8169
augrument/captcha_1532.png,3199
augrument/captcha_1533.png,5875
augrument/captcha_1534.png,3096
augrument/captcha_1535.png,0258
augrument/captcha_1536.png,0869
augrument/captcha_1537.png,3634
augrument/captcha_1538.png,4593
augrument/captcha_1539.png,8549
augrument/captcha_1540.png,2116
augrument/captcha_1541.png,7966
augrument/captcha_1542.png,9451
augrument/captcha_1543.png,7853
augrument/captcha_1544.png,6447
augrument/captcha_1545.png,4099
augrument/captcha_1546.png,3082
augrument/captcha_1547.png,9082
augrument/captcha_1548.png,2748
augrument/captcha_1549.png,2264
augrument/captcha_1550.png,4712
augrument/captcha_1551.png,2706
augrument/captcha_1552.png,2958
augrument/captcha_1553.png,4994
augrument/captcha_1554.png,5822
augrument/captcha_1555.png,2442
augrument/captcha_1556.png,5708
augrument/captcha_1557.png,7985
augrument/captcha_1558.png,8004
augrument/captcha_1559.png,2495
augrument/captcha_1560.png,5735
augrument/captcha_1561.png,9936
augrument/captcha_1562.png,7814
augrument/captcha_1563.png,7649
augrument/captcha_1564.png,2683
augrument/captcha_1565.png,0864
augrument/captcha_1566.png,7559
augrument/captcha_1567.png,5426
augrument/captcha_1568.png,4864
augrument/captcha_1569.png,6794
augrument/captcha_1570.png,1492
augrument/captcha_1571.png,6327
augrument/captcha_1572.png,0827
augrument/captcha_1573.png,4654
augrument/captcha_1574.png,5734
augrument/captcha_1575.png,2232
augrument/captcha_1576.png,2428
augrument/captcha_1577.png,3813
augrument/captcha_1578.png,7294
augrument/captcha_1579.png,7678
augrument/captcha_1580.png,2825
augrument/captcha_1581.png,9984
augrument/captcha_1582.png,5883
augrument/captcha_1583.png,4065
augrument/captcha_1584.png,8474
augrument/captcha_1585.png,6488
augrument/captcha_1586.png,8811
augrument/captcha_1587.png,9498
augrument/captcha_1588.png,2677
augrument/captcha_1589.png,3425
augrument/captcha_1590.png,0162
augrument/captcha_1591.png,6038
augrument/captcha_1592.png,8096
augrument/captcha_1593.png,4732
augrument/captcha_1594.png,7847
augrument/captcha_1595.png,9250
augrument/captcha_1596.png,8433
augrument/captcha_1597.png,3107
augrument/captcha_1598.png,3795
augrument/captcha_1599.png,9725
augrument/captcha_1600.png,2492
augrument/captcha_1601.png,6670
augrument/captcha_1602.png,5187
augrument/captcha_1603.png,9318
augrument/captcha_1604.png,8282
augrument/captcha_1605.png,4180
augrument/captcha_1606.png,1714
augrument/captcha_1607.png,0738
augrument/captcha_1608.png,9202
augrument/captcha_1609.png,3887
augrument/captcha_1610.png,8276
augrument/captcha_1611.png,4854
augrument/captcha_1612.png,0706
augrument/captcha_1613.png,0819
augrument/captcha_1614.png,4522
augrument/captcha_1615.png,2456
augrument/captcha_1616.png,1643
augrument/captcha_1617.png,7067
augrument/captcha_1618.png,8837
augrument/captcha_1619.png,3078
augrument/captcha_1620.png,2064
augrument/captcha_1621.png,5267
augrument/captcha_1622.png,5504
augrument/captcha_1623.png,6492
augrument/captcha_1624.png,9172
augrument/captcha_1625.png,0085
augrument/captcha_1626.png,0904
augrument/captcha_1627.png,9153
augrument/captcha_1628.png,8391
augrument/captcha_1629.png,4012
augrument/captcha_1630.png,1485
augrument/captcha_1631.png,3063
augrument/captcha_1632.png,6511
augrument/captcha_1633.png,1539
augrument/captcha_1634.png,9055
augrument/captcha_1635.png,7003
augrument/captcha_1636.png,9289
augrument/captcha_1637.png,2689
augrument/captcha_1638.png,2741
augrument/captcha_1639.png,1220
augrument/captcha_1640.png,0011
augrument/captcha_1641.png,5865
augrument/captcha_1642.png,5695
augrument/captcha_1643.png,2815
augrument/captcha_1644.png,7819
augrument/captcha_1645.png,4523
augrument/captcha_1646.png,5924
augrument/captcha_1647.png,4690
augrument/captcha_1648.png,9128
augrument/captcha_1649.png,6114
augrument/captcha_1650.png,1447
augrument/captcha_1651.png,0506
augrument/captcha_1652.png,5211
augrument/captcha_1653.png,1665
augrument/captcha_1654.png,3794
augrument/captcha_1655.png,2418
augrument/captcha_1656.png,8215
augrument/captcha_1657.png,1697
augrument/captcha_1658.png,1063
augrument/captcha_1659.png,0721
augrument/captcha_1660.png,5900
augrument/captcha_1661.png,6316
augrument/captcha_1662.png,5889
augrument/captcha_1663.png,3700
augrument/captcha_1664.png,9570
augrument/captcha_1665.png,7465
augrument/captcha_1666.png,7780
augrument/captcha_1667.png,2457
augrument/captcha_1668.png,1484
augrument/captcha_1669.png,0763
augrument/captcha_1670.png,7728
augrument/captcha_1671.png,0437
augrument/captcha_1672.png,4945
augrument/captcha_1673.png,2698
augrument/captcha_1674.png,2675
augrument/captcha_1675.png,1591
augrument/captcha_1676.png,2625
augrument/captcha_1677.png,7902
augrument/captcha_1678.png,5839
augrument/captcha_1679.png,0321
augrument/captcha_1680.png,1084
augrument/captcha_1681.png,4763
augrument/captcha_1682.png,3278
augrument/captcha_1683.png,4747
augrument/captcha_1684.png,0962
augrument/captcha_1685.png,1568
augrument/captcha_1686.png,3528
augrument/captcha_1687.png,8660
augrument/captcha_1688.png,7508
augrument/captcha_1689.png,3511
augrument/captcha_1690.png,4609
augrument/captcha_1691.png,6008
augrument/captcha_1692.png,9461
augrument/captcha_1693.png,0945
augrument/captcha_1694.png,1785
augrument/captcha_1695.png,0711
augrument/captcha_1696.png,7542
augrument/captcha_1697.png,7740
augrument/captcha_1698.png,3647
augrument/captcha_1699.png,6670
augrument/captcha_1700.png,1274
augrument/captcha_1701.png,4681
augrument/captcha_1702.png,8229
augrument/captcha_1703.png,9349
augrument/captcha_1704.png,5745
augrument/captcha_1705.png,8118
augrument/captcha_1706.png,4118
augrument/captcha_1707.png,0016
augrument/captcha_1708.png,6872
augrument/captcha_1709.png,5546
augrument/captcha_1710.png,6156
augrument/captcha_1711.png,5756
augrument/captcha_1712.png,7935
augrument/captcha_1713.png,5250
augrument/captcha_1714.png,4213
augrument/captcha_1715.png,5109
augrument/captcha_1716.png,3829
augrument/captcha_1717.png,6245
augrument/captcha_1718.png,0761
augrument/captcha_1719.png,5036
augrument/captcha_1720.png,2671
augrument/captcha_1721.png,7183
augrument/captcha_1722.png,4989
augrument/captcha_1723.png,1152
augrument/captcha_1724.png,6048
augrument/captcha_1725.png,5347
augrument/captcha_1726.png,7276
augrument/captcha_1727.png,6014
augrument/captcha_1728.png,1675
augrument/captcha_1729.png,5630
augrument/captcha_1730.png,3330
augrument/captcha_1731.png,6407
augrument/captcha_1732.png,2936
augrument/captcha_1733.png,7291
augrument/captcha_1734.png,0929
augrument/captcha_1735.png,3583
augrument/captcha_1736.png,3330
augrument/captcha_1737.png,6786
augrument/captcha_1738.png,2674
augrument/captcha_1739.png,9382
augrument/captcha_1740.png,3355
augrument/captcha_1741.png,8130
augrument/captcha_1742.png,4645
augrument/captcha_1743.png,8357
augrument/captcha_1744.png,7319
augrument/captcha_1745.png,9386
augrument/captcha_1746.png,6898
augrument/captcha_1747.png,5329
augrument/captcha_1748.png,8995
augrument/captcha_1749.png,0405
augrument/captcha_1750.png,3209
augrument/captcha_1751.png,2613
augrument/captcha_1752.png,6810
augrument/captcha_1753.png,6882
augrument/captcha_1754.png,6807
augrument/captcha_1755.png,2280
augrument/captcha_1756.png,1388
augrument/captcha_1757.png,7958
augrument/captcha_1758.png,7519
augrument/captcha_1759.png,3084
augrument/captcha_1760.png,5850
augrument/captcha_1761.png,0656
augrument/captcha_1762.png,7002
augrument/captcha_1763.png,2020
augrument/captcha_1764.png,3772
augrument/captcha_1765.png,7941
augrument/captcha_1766.png,7579
augrument/captcha_1767.png,3760
augrument/captcha_1768.png,0555
augrument/captcha_1769.png,5053
augrument/captcha_1770.png,6421
augrument/captcha_1771.png,9843
augrument/captcha_1772.png,8892
augrument/captcha_1773.png,8379
augrument/captcha_1774.png,4020
augrument/captcha_1775.png,6932
augrument/captcha_1776.png,1047
augrument/captcha_1777.png,9151
augrument/captcha_1778.png,0032
augrument/captcha_1779.png,9276
augrument/captcha_1780.png,5121
augrument/captcha_1781.png,9085
augrument/captcha_1782.png,7691
augrument/captcha_1783.png,9542
augrument/captcha_1784.png,5681
augrument/captcha_1785.png,7678
augrument/captcha_1786.png,5648
augrument/captcha_1787.png,3173
augrument/captcha_1788.png,0862
augrument/captcha_1789.png,3908
augrument/captcha_1790.png,8814
augrument/captcha_1791.png,0359
augrument/captcha_1792.png,6515
augrument/captcha_1793.png,5632
augrument/captcha_1794.png,9112
augrument/captcha_1795.png,2177
augrument/captcha_1796.png,6012
augrument/captcha_1797.png,6461
augrument/captcha_1798.png,1866
augrument/captcha_1799.png,7534
augrument/captcha_1800.png,9928
augrument/captcha_1801.png,5909
augrument/captcha_1802.png,8726
augrument/captcha_1803.png,0148
augrument/captcha_1804.png,0816
augrument/captcha_1805.png,8155
augrument/captcha_1806.png,5284
augrument/captcha_1807.png,4321
augrument/captcha_1808.png,9349
augrument/captcha_1809.png,7621
augrument/captcha_1810.png,5228
augrument/captcha_1811.png,2688
augrument/captcha_1812.png,3962
augrument/captcha_1813.png,7019
augrument/captcha_1814.png,5829
augrument/captcha_1815.png,4699
augrument/captcha_1816.png,7086
augrument/captcha_1817.png,8034
augrument/captcha_1818.png,5262
augrument/captcha_1819.png,8444
augrument/captcha_1820.png,9385
augrument/captcha_1821.png,8019
augrument/captcha_1822.png,1785
augrument/captcha_1823.png,4091
augrument/captcha_1824.png,0066
augrument/captcha_1825.png,7913
augrument/captcha_1826.png,5920
augrument/captcha_1827.png,8425
augrument/captcha_1828.png,1330
augrument/captcha_1829.png,5772
augrument/captcha_1830.png,5106
augrument/captcha_1831.png,1789
augrument/captcha_1832.png,8287
augrument/captcha_1833.png,7966
augrument/captcha_1834.png,4104
augrument/captcha_1835.png,6002
augrument/captcha_1836.png,8967
augrument/captcha_1837.png,7952
augrument/captcha_1838.png,0707
augrument/captcha_1839.png,0726
augrument/captcha_1840.png,2962
augrument/captcha_1841.png,5974
augrument/captcha_1842.png,6840
augrument/captcha_1843.png,9417
augrument/captcha_1844.png,4283
augrument/captcha_1845.png,0715
augrument/captcha_1846.png,6779
augrument/captcha_1847.png,7989
augrument/captcha_1848.png,3258
augrument/captcha_1849.png,0284
augrument/captcha_1850.png,2083
augrument/captcha_1851.png,5247
augrument/captcha_1852.png,9437
augrument/captcha_1853.png,3481
augrument/captcha_1854.png,3735
augrument/captcha_1855.png,3965
augrument/captcha_1856.png,2274
augrument/captcha_1857.png,1727
augrument/captcha_1858.png,3091
augrument/captcha_1859.png,8282
augrument/captcha_1860.png,7196
augrument/captcha_1861.png,9235
augrument/captcha_1862.png,9903
augrument/captcha_1863.png,8453
augrument/captcha_1864.png,4185
augrument/captcha_1865.png,5553
augrument/captcha_1866.png,9470
augrument/captcha_1867.png,8609
augrument/captcha_1868.png,8479
augrument/captcha_1869.png,0013
augrument/captcha_1870.png,2476
augrument/captcha_1871.png,1284
augrument/captcha_1872.png,3793
augrument/captcha_1873.png,8609
augrument/captcha_1874.png,4007
augrument/captcha_1875.png,0610
augrument/captcha_1876.png,6725
augrument/captcha_1877.png,6919
augrument/captcha_1878.png,6178
augrument/captcha_1879.png,0625
augrument/captcha_1880.png,9159
augrument/captcha_1881.png,9805
augrument/captcha_1882.png,8110
augrument/captcha_1883.png,2606
augrument/captcha_1884.png,9679
augrument/captcha_1885.png,7696
augrument/captcha_1886.png,1199
augrument/captcha_1887.png,5464
augrument/captcha_1888.png,7263
augrument/captcha_1889.png,3803
augrument/captcha_1890.png,9763
augrument/captcha_1891.png,7272
augrument/captcha_1892.png,8418
augrument/captcha_1893.png,8084
augrument/captcha_1894.png,6332
augrument/captcha_1895.png,2687
augrument/captcha_1896.png,8649
augrument/captcha_1897.png,5160
augrument/captcha_1898.png,5403
augrument/captcha_1899.png,5149
augrument/captcha_1900.png,2632
augrument/captcha_1901.png,1133
augrument/captcha_1902.png,3719
augrument/captcha_1903.png,6400
augrument/captcha_1904.png,3920
augrument/captcha_1905.png,3570
augrument/captcha_1906.png,7234
augrument/captcha_1907.png,9835
augrument/captcha_1908.png,6085
augrument/captcha_1909.png,4886
augrument/captcha_1910.png,1171
augrument/captcha_1911.png,8875
augrument/captcha_1912.png,5742
augrument/captcha_1913.png,5372
augrument/captcha_1914.png,4269
augrument/captcha_1915.png,2385
augrument/captcha_1916.png,1162
augrument/captcha_1917.png,8718
augrument/captcha_1918.png,2003
augrument/captcha_1919.png,4100
augrument/captcha_1920.png,2665
augrument/captcha_1921.png,7391
augrument/captcha_1922.png,1185
augrument/captcha_1923.png,6503
augrument/captcha_1924.png,2407
augrument/captcha_1925.png,5171
augrument/captcha_1926.png,3307
augrument/captcha_1927.png,6664
augrument/captcha_1928.png,3711
augrument/captcha_1929.png,4315
augrument/captcha_1930.png,5394
augrument/captcha_1931.png,0458
augrument/captcha_1932.png,5944
augrument/captcha_1933.png,7539
augrument/captcha_1934.png,5018
augrument/captcha_1935.png,5401
augrument/captcha_1936.png,4207
augrument/captcha_1937.png,9230
augrument/captcha_1938.png,7603
augrument/captcha_1939.png,3356
augrument/captcha_1940.png,3003
augrument/captcha_1941.png,8732
augrument/captcha_1942.png,8084
augrument/captcha_1943.png,7154
augrument/captcha_1944.png,5187
augrument/captcha_1945.png,3894
augrument/captcha_1946.png,5976
augrument/captcha_1947.png,3471
augrument/captcha_1948.png,6522
augrument/captcha_1949.png,9588
augrument/captcha_1950.png,5365
augrument/captcha_1951.png,9074
augrument/captcha_1952.png,7006
augrument/captcha_1953.png,1302
augrument/captcha_1954.png,6704
augrument/captcha_1955.png,3460
augrument/captcha_1956.png,8381
augrument/captcha_1957.png,7782
augrument/captcha_1958.png,0672
augrument/captcha_1959.png,4802
augrument/captcha_1960.png,6013
augrument/captcha_1961.png,9080
augrument/captcha_1962.png,9987
augrument/captcha_1963.png,9554
augrument/captcha_1964.png,3979
augrument/captcha_1965.png,0806
augrument/captcha_1966.png,9562
augrument/captcha_1967.png,2870
augrument/captcha_1968.png,3595
augrument/captcha_1969.png,1267
augrument/captcha_1970.png,5795
augrument/captcha_1971.png,5685
augrument/captcha_1972.png,9360
augrument/captcha_1973.png,9431
augrument/captcha_1974.png,8398
augrument/captcha_1975.png,2441
augrument/captcha_1976.png,8881
augrument/captcha_1977.png,0698
augrument/captcha_1978.png,7239
augrument/captcha_1979.png,2759
augrument/captcha_1980.png,7028
augrument/captcha_1981.png,3267
augrument/captcha_1982.png,6470
augrument/captcha_1983.png,2169
augrument/captcha_1984.png,7687
augrument/captcha_1985.png,0122
augrument/captcha_1986.png,2744
augrument/captcha_1987.png,5653
augrument/captcha_1988.png,1685
augrument/captcha_1989.png,3846
augrument/captcha_1990.png,6166
augrument/captcha_1991.png,7103
augrument/captcha_1992.png,9945
augrument/captcha_1993.png,0386
augrument/captcha_1994.png,2554
augrument/captcha_1995.png,0807
augrument/captcha_1996.png,1299
augrument/captcha_1997.png,2471
augrument/captcha_1998.png,1494
augrument/captcha_1999.png,3580
augrument/captcha_2000.png,2248
augrument/captcha_2001.png,6977
augrument/captcha_2002.png,1342
augrument/captcha_2003.png,9319
augrument/captcha_2004.png,6801
augrument/captcha_2005.png,6756
augrument/captcha_2006.png,1606
augrument/captcha_2007.png,5422
augrument/captcha_2008.png,7618
augrument/captcha_2009.png,9418
augrument/captcha_2010.png,5654
augrument/captcha_2011.png,2432
augrument/captcha_2012.png,1578
augrument/captcha_2013.png,6206
augrument/captcha_2014.png,2415
augrument/captcha_2015.png,6425
augrument/captcha_2016.png,3706
augrument/captcha_2017.png,6776
augrument/captcha_2018.png,2016
augrument/captcha_2019.png,4077
augrument/captcha_2020.png,6707
augrument/captcha_2021.png,1404
augrument/captcha_2022.png,4193
augrument/captcha_2023.png,4502
augrument/captcha_2024.png,9512
augrument/captcha_2025.png,9408
augrument/captcha_2026.png,9610
augrument/captcha_2027.png,4907
augrument/captcha_2028.png,4139
augrument/captcha_2029.png,2800
augrument/captcha_2030.png,3989
augrument/captcha_2031.png,0515
augrument/captcha_2032.png,7537
augrument/captcha_2033.png,3390
augrument/captcha_2034.png,0671
augrument/captcha_2035.png,2344
augrument/captcha_2036.png,7595
augrument/captcha_2037.png,7208
augrument/captcha_2038.png,2908
augrument/captcha_2039.png,3828
augrument/captcha_2040.png,5607
augrument/captcha_2041.png,8077
augrument/captcha_2042.png,5444
augrument/captcha_2043.png,6352
augrument/captcha_2044.png,0378
augrument/captcha_2045.png,2752
augrument/captcha_2046.png,7071
augrument/captcha_2047.png,0569
augrument/captcha_2048.png,4379
augrument/captcha_2049.png,5703
augrument/captcha_2050.png,0972
augrument/captcha_2051.png,9371
augrument/captcha_2052.png,2770
augrument/captcha_2053.png,0099
augrument/captcha_2054.png,6505
augrument/captcha_2055.png,0855
augrument/captcha_2056.png,6698
augrument/captcha_2057.png,6923
augrument/captcha_2058.png,7302
augrument/captcha_2059.png,6478
augrument/captcha_2060.png,2020
augrument/captcha_2061.png,7940
augrument/captcha_2062.png,3055
augrument/captcha_2063.png,4289
augrument/captcha_2064.png,3299
augrument/captcha_2065.png,4743
augrument/captcha_2066.png,6175
augrument/captcha_2067.png,4843
augrument/captcha_2068.png,4422
augrument/captcha_2069.png,4077
augrument/captcha_2070.png,5769
augrument/captcha_2071.png,7657
augrument/captcha_2072.png,2200
augrument/captcha_2073.png,7654
augrument/captcha_2074.png,0442
augrument/captcha_2075.png,7647
augrument/captcha_2076.png,8393
augrument/captcha_2077.png,3128
augrument/captcha_2078.png,8265
augrument/captcha_2079.png,1049
augrument/captcha_2080.png,4271
augrument/captcha_2081.png,0590
augrument/captcha_2082.png,9283
augrument/captcha_2083.png,9374
augrument/captcha_2084.png,8673
augrument/captcha_2085.png,8949
augrument/captcha_2086.png,5199
augrument/captcha_2087.png,9442
augrument/captcha_2088.png,8102
augrument/captcha_2089.png,4262
augrument/captcha_2090.png,4900
augrument/captcha_2091.png,5558
augrument/captcha_2092.png,5786
augrument/captcha_2093.png,1282
augrument/captcha_2094.png,4630
augrument/captcha_2095.png,2538
augrument/captcha_2096.png,8806
augrument/captcha_2097.png,2873
augrument/captcha_2098.png,8499
augrument/captcha_2099.png,6311
augrument/captcha_2100.png,0693
augrument/captcha_2101.png,5502
augrument/captcha_2102.png,7891
augrument/captcha_2103.png,5552
augrument/captcha_2104.png,3137
augrument/captcha_2105.png,5837
augrument/captcha_2106.png,0355
augrument/captcha_2107.png,5879
augrument/captcha_2108.png,4129
augrument/captcha_2109.png,2319
augrument/captcha_2110.png,2077
augrument/captcha_2111.png,0066
augrument/captcha_2112.png,3232
augrument/captcha_2113.png,3538
augrument/captcha_2114.png,7885
augrument/captcha_2115.png,7738
augrument/captcha_2116.png,6468
augrument/captcha_2117.png,3362
augrument/captcha_2118.png,3295
augrument/captcha_2119.png,4040
augrument/captcha_2120.png,4701
augrument/captcha_2121.png,1018
augrument/captcha_2122.png,6967
augrument/captcha_2123.png,2918
augrument/captcha_2124.png,6734
augrument/captcha_2125.png,7418
augrument/captcha_2126.png,9782
augrument/captcha_2127.png,6257
augrument/captcha_2128.png,9135
augrument/captcha_2129.png,7730
augrument/captcha_2130.png,5577
augrument/captcha_2131.png,8727
augrument/captcha_2132.png,6717
augrument/captcha_2133.png,2298
augrument/captcha_2134.png,4307
augrument/captcha_2135.png,7922
augrument/captcha_2136.png,7542
augrument/captcha_2137.png,9405
augrument/captcha_2138.png,8736
augrument/captcha_2139.png,6736
augrument/captcha_2140.png,2214
augrument/captcha_2141.png,1416
augrument/captcha_2142.png,3089
augrument/captcha_2143.png,0614
augrument/captcha_2144.png,6329
augrument/captcha_2145.png,5717
augrument/captcha_2146.png,9693
augrument/captcha_2147.png,8327
augrument/captcha_2148.png,9193
augrument/captcha_2149.png,2408
augrument/captcha_2150.png,0957
augrument/captcha_2151.png,6727
augrument/captcha_2152.png,5235
augrument/captcha_2153.png,0901
augrument/captcha_2154.png,1025
augrument/captcha_2155.png,0744
augrument/captcha_2156.png,5163
augrument/captcha_2157.png,4743
augrument/captcha_2158.png,1768
augrument/captcha_2159.png,4367
augrument/captcha_2160.png,1801
augrument/captcha_2161.png,2465
augrument/captcha_2162.png,5575
augrument/captcha_2163.png,4864
augrument/captcha_2164.png,0026
augrument/captcha_2165.png,6526
augrument/captcha_2166.png,9144
augrument/captcha_2167.png,9114
augrument/captcha_2168.png,0122
augrument/captcha_2169.png,1840
augrument/captcha_2170.png,2768
augrument/captcha_2171.png,3733
augrument/captcha_2172.png,3313
augrument/captcha_2173.png,9974
augrument/captcha_2174.png,8978
augrument/captcha_2175.png,7204
augrument/captcha_2176.png,0566
augrument/captcha_2177.png,3576
augrument/captcha_2178.png,5191
augrument/captcha_2179.png,4626
augrument/captcha_2180.png,3160
augrument/captcha_2181.png,5306
augrument/captcha_2182.png,0650
augrument/captcha_2183.png,2617
augrument/captcha_2184.png,1810
augrument/captcha_2185.png,0371
augrument/captcha_2186.png,5036
augrument/captcha_2187.png,8394
augrument/captcha_2188.png,6507
augrument/captcha_2189.png,5655
augrument/captcha_2190.png,2036
augrument/captcha_2191.png,0989
augrument/captcha_2192.png,2247
augrument/captcha_2193.png,0182
augrument/captcha_2194.png,9879
augrument/captcha_2195.png,8045
augrument/captcha_2196.png,3210
augrument/captcha_2197.png,3668
augrument/captcha_2198.png,9440
augrument/captcha_2199.png,1042
augrument/captcha_2200.png,8992
augrument/captcha_2201.png,9783
augrument/captcha_2202.png,1490
augrument/captcha_2203.png,3833
augrument/captcha_2204.png,9948
augrument/captcha_2205.png,4722
augrument/captcha_2206.png,5219
augrument/captcha_2207.png,5987
augrument/captcha_2208.png,1485
augrument/captcha_2209.png,6051
augrument/captcha_2210.png,0063
augrument/captcha_2211.png,9926
augrument/captcha_2212.png,3154
augrument/captcha_2213.png,5977
augrument/captcha_2214.png,7957
augrument/captcha_2215.png,3783
augrument/captcha_2216.png,4103
augrument/captcha_2217.png,2281
augrument/captcha_2218.png,0455
augrument/captcha_2219.png,4314
augrument/captcha_2220.png,7038
augrument/captcha_2221.png,1218
augrument/captcha_2222.png,2859
augrument/captcha_2223.png,5220
augrument/captcha_2224.png,1759
augrument/captcha_2225.png,3289
augrument/captcha_2226.png,0246
augrument/captcha_2227.png,6478
augrument/captcha_2228.png,9112
augrument/captcha_2229.png,7605
augrument/captcha_2230.png,1402
augrument/captcha_2231.png,2766
augrument/captcha_2232.png,7885
augrument/captcha_2233.png,6615
augrument/captcha_2234.png,1367
augrument/captcha_2235.png,9025
augrument/captcha_2236.png,2070
augrument/captcha_2237.png,2168
augrument/captcha_2238.png,1151
augrument/captcha_2239.png,0401
augrument/captcha_2240.png,4420
augrument/captcha_2241.png,7169
augrument/captcha_2242.png,3834
augrument/captcha_2243.png,8996
augrument/captcha_2244.png,7554
augrument/captcha_2245.png,5482
augrument/captcha_2246.png,1042
augrument/captcha_2247.png,0559
augrument/captcha_2248.png,7378
augrument/captcha_2249.png,2136
augrument/captcha_2250.png,8471
augrument/captcha_2251.png,1835
augrument/captcha_2252.png,4313
augrument/captcha_2253.png,3340
augrument/captcha_2254.png,2974
augrument/captcha_2255.png,0238
augrument/captcha_2256.png,4470
augrument/captcha_2257.png,6933
augrument/captcha_2258.png,7569
augrument/captcha_2259.png,0451
augrument/captcha_2260.png,6937
augrument/captcha_2261.png,2524
augrument/captcha_2262.png,9632
augrument/captcha_2263.png,6209
augrument/captcha_2264.png,0273
augrument/captcha_2265.png,6710
augrument/captcha_2266.png,3682
augrument/captcha_2267.png,7084
augrument/captcha_2268.png,9434
augrument/captcha_2269.png,2868
augrument/captcha_2270.png,7757
augrument/captcha_2271.png,6200
augrument/captcha_2272.png,5733
augrument/captcha_2273.png,8060
augrument/captcha_2274.png,0185
augrument/captcha_2275.png,0238
augrument/captcha_2276.png,8730
augrument/captcha_2277.png,6259
augrument/captcha_2278.png,3869
augrument/captcha_2279.png,5045
augrument/captcha_2280.png,7912
augrument/captcha_2281.png,5525
augrument/captcha_2282.png,4258
augrument/captcha_2283.png,3967
augrument/captcha_2284.png,8704
augrument/captcha_2285.png,3627
augrument/captcha_2286.png,5679
augrument/captcha_2287.png,1808
augrument/captcha_2288.png,7995
augrument/captcha_2289.png,5929
augrument/captcha_2290.png,6522
augrument/captcha_2291.png,1464
augrument/captcha_2292.png,9442
augrument/captcha_2293.png,8298
augrument/captcha_2294.png,1989
augrument/captcha_2295.png,5428
augrument/captcha_2296.png,5592
augrument/captcha_2297.png,1711
augrument/captcha_2298.png,7099
augrument/captcha_2299.png,5133
augrument/captcha_2300.png,1485
augrument/captcha_2301.png,2833
augrument/captcha_2302.png,7951
augrument/captcha_2303.png,6700
augrument/captcha_2304.png,0264
augrument/captcha_2305.png,5244
augrument/captcha_2306.png,9090
augrument/captcha_2307.png,9095
augrument/captcha_2308.png,9564
augrument/captcha_2309.png,2659
augrument/captcha_2310.png,8597
augrument/captcha_2311.png,0712
augrument/captcha_2312.png,3642
augrument/captcha_2313.png,7977
augrument/captcha_2314.png,1460
augrument/captcha_2315.png,7013
augrument/captcha_2316.png,6367
augrument/captcha_2317.png,5121
augrument/captcha_2318.png,3481
augrument/captcha_2319.png,7543
augrument/captcha_2320.png,2330
augrument/captcha_2321.png,2148
augrument/captcha_2322.png,6915
augrument/captcha_2323.png,3751
augrument/captcha_2324.png,0940
augrument/captcha_2325.png,8167
augrument/captcha_2326.png,1074
augrument/captcha_2327.png,3298
augrument/captcha_2328.png,7850
augrument/captcha_2329.png,2411
augrument/captcha_2330.png,1088
augrument/captcha_2331.png,8673
augrument/captcha_2332.png,1062
augrument/captcha_2333.png,5697
augrument/captcha_2334.png,3219
augrument/captcha_2335.png,3678
augrument/captcha_2336.png,4158
augrument/captcha_2337.png,1502
augrument/captcha_2338.png,5835
augrument/captcha_2339.png,7572
augrument/captcha_2340.png,8929
augrument/captcha_2341.png,2721
augrument/captcha_2342.png,6616
augrument/captcha_2343.png,7728
augrument/captcha_2344.png,2504
augrument/captcha_2345.png,9012
augrument/captcha_2346.png,9083
augrument/captcha_2347.png,7229
augrument/captcha_2348.png,3800
augrument/captcha_2349.png,7244
augrument/captcha_2350.png,4564
augrument/captcha_2351.png,6694
augrument/captcha_2352.png,7965
augrument/captcha_2353.png,2686
augrument/captcha_2354.png,9987
augrument/captcha_2355.png,1036
augrument/captcha_2356.png,7219
augrument/captcha_2357.png,3734
augrument/captcha_2358.png,7152
augrument/captcha_2359.png,0646
augrument/captcha_2360.png,8572
augrument/captcha_2361.png,4651
augrument/captcha_2362.png,1059
augrument/captcha_2363.png,4650
augrument/captcha_2364.png,3104
augrument/captcha_2365.png,9180
augrument/captcha_2366.png,0749
augrument/captcha_2367.png,9814
augrument/captcha_2368.png,1358
augrument/captcha_2369.png,3460
augrument/captcha_2370.png,5994
augrument/captcha_2371.png,7863
augrument/captcha_2372.png,3425
augrument/captcha_2373.png,4868
augrument/captcha_2374.png,0845
augrument/captcha_2375.png,4642
augrument/captcha_2376.png,8537
augrument/captcha_2377.png,2253
augrument/captcha_2378.png,9058
augrument/captcha_2379.png,6547
augrument/captcha_2380.png,1563
augrument/captcha_2381.png,8608
augrument/captcha_2382.png,9335
augrument/captcha_2383.png,6675
augrument/captcha_2384.png,3669
augrument/captcha_2385.png,2819
augrument/captcha_2386.png,7405
augrument/captcha_2387.png,3077
augrument/captcha_2388.png,9664
augrument/captcha_2389.png,0328
augrument/captcha_2390.png,6114
augrument/captcha_2391.png,6088
augrument/captcha_2392.png,3062
augrument/captcha_2393.png,7770
augrument/captcha_2394.png,2731
augrument/captcha_2395.png,9230
augrument/captcha_2396.png,4928
augrument/captcha_2397.png,5359
augrument/captcha_2398.png,7518
augrument/captcha_2399.png,1502
augrument/captcha_2400.png,2127
augrument/captcha_2401.png,5330
augrument/captcha_2402.png,1412
augrument/captcha_2403.png,0538
augrument/captcha_2404.png,6258
augrument/captcha_2405.png,3277
augrument/captcha_2406.png,2206
augrument/captcha_2407.png,9490
augrument/captcha_2408.png,7710
augrument/captcha_2409.png,3722
augrument/captcha_2410.png,7077
augrument/captcha_2411.png,1664
augrument/captcha_2412.png,6811
augrument/captcha_2413.png,7238
augrument/captcha_2414.png,8622
augrument/captcha_2415.png,1686
augrument/captcha_2416.png,8023
augrument/captcha_2417.png,8616
augrument/captcha_2418.png,5514
augrument/captcha_2419.png,0928
augrument/captcha_2420.png,0501
augrument/captcha_2421.png,8348
augrument/captcha_2422.png,9786
augrument/captcha_2423.png,0978
augrument/captcha_2424.png,3274
augrument/captcha_2425.png,6648
augrument/captcha_2426.png,0623
augrument/captcha_2427.png,5290
augrument/captcha_2428.png,6429
augrument/captcha_2429.png,3154
augrument/captcha_2430.png,8105
augrument/captcha_2431.png,8059
augrument/captcha_2432.png,3732
augrument/captcha_2433.png,5886
augrument/captcha_2434.png,5134
augrument/captcha_2435.png,9514
augrument/captcha_2436.png,6185
augrument/captcha_2437.png,1747
augrument/captcha_2438.png,9938
augrument/captcha_2439.png,2184
augrument/captcha_2440.png,2050
augrument/captcha_2441.png,2287
augrument/captcha_2442.png,6386
augrument/captcha_2443.png,9044
augrument/captcha_2444.png,1194
augrument/captcha_2445.png,8582
augrument/captcha_2446.png,5105
augrument/captcha_2447.png,7254
augrument/captcha_2448.png,2128
augrument/captcha_2449.png,7850
augrument/captcha_2450.png,0535
augrument/captcha_2451.png,2502
augrument/captcha_2452.png,8050
augrument/captcha_2453.png,8311
augrument/captcha_2454.png,2034
augrument/captcha_2455.png,6848
augrument/captcha_2456.png,4914
augrument/captcha_2457.png,1588
augrument/captcha_2458.png,1782
augrument/captcha_2459.png,9645
augrument/captcha_2460.png,0323
augrument/captcha_2461.png,1485
augrument/captcha_2462.png,1866
augrument/captcha_2463.png,7774
augrument/captcha_2464.png,0168
augrument/captcha_2465.png,2327
augrument/captcha_2466.png,0641
augrument/captcha_2467.png,6246
augrument/captcha_2468.png,5347
augrument/captcha_2469.png,6459
augrument/captcha_2470.png,1306
augrument/captcha_2471.png,7462
augrument/captcha_2472.png,7891
augrument/captcha_2473.png,4653
augrument/captcha_2474.png,2976
augrument/captcha_2475.png,1749
augrument/captcha_2476.png,8264
augrument/captcha_2477.png,9041
augrument/captcha_2478.png,2179
augrument/captcha_2479.png,8957
augrument/captcha_2480.png,7126
augrument/captcha_2481.png,7704
augrument/captcha_2482.png,7918
augrument/captcha_2483.png,3483
augrument/captcha_2484.png,1469
augrument/captcha_2485.png,3407
augrument/captcha_2486.png,3973
augrument/captcha_2487.png,0059
augrument/captcha_2488.png,8125
augrument/captcha_2489.png,9381
augrument/captcha_2490.png,6652
augrument/captcha_2491.png,4988
augrument/captcha_2492.png,7929
augrument/captcha_2493.png,8631
augrument/captcha_2494.png,5398
augrument/captcha_2495.png,0924
augrument/captcha_2496.png,7112
augrument/captcha_2497.png,3019
augrument/captcha_2498.png,1329
augrument/captcha_2499.png,7818
augrument/captcha_2500.png,8630
augrument/captcha_2501.png,1500
augrument/captcha_2502.png,2600
augrument/captcha_2503.png,9314
augrument/captcha_2504.png,1600
augrument/captcha_2505.png,7512
augrument/captcha_2506.png,8587
augrument/captcha_2507.png,5550
augrument/captcha_2508.png,1070
augrument/captcha_2509.png,8671
augrument/captcha_2510.png,7635
augrument/captcha_2511.png,0110
augrument/captcha_2512.png,4736
augrument/captcha_2513.png,3983
augrument/captcha_2514.png,5588
augrument/captcha_2515.png,7958
augrument/captcha_2516.png,2016
augrument/captcha_2517.png,3681
augrument/captcha_2518.png,9220
augrument/captcha_2519.png,5128
augrument/captcha_2520.png,4358
augrument/captcha_2521.png,4445
augrument/captcha_2522.png,8250
augrument/captcha_2523.png,5796
augrument/captcha_2524.png,9723
augrument/captcha_2525.png,4014
augrument/captcha_2526.png,5171
augrument/captcha_2527.png,0484
augrument/captcha_2528.png,8358
augrument/captcha_2529.png,0129
augrument/captcha_2530.png,8525
augrument/captcha_2531.png,6198
augrument/captcha_2532.png,1153
augrument/captcha_2533.png,6613
augrument/captcha_2534.png,0488
augrument/captcha_2535.png,9019
augrument/captcha_2536.png,3367
augrument/captcha_2537.png,6277
augrument/captcha_2538.png,9051
augrument/captcha_2539.png,6293
augrument/captcha_2540.png,6667
augrument/captcha_2541.png,7391
augrument/captcha_2542.png,8470
augrument/captcha_2543.png,2159
augrument/captcha_2544.png,3163
augrument/captcha_2545.png,9311
augrument/captcha_2546.png,1014
augrument/captcha_2547.png,2128
augrument/captcha_2548.png,8113
augrument/captcha_2549.png,2194
augrument/captcha_2550.png,0181
augrument/captcha_2551.png,2455
augrument/captcha_2552.png,8442
augrument/captcha_2553.png,2563
augrument/captcha_2554.png,6154
augrument/captcha_2555.png,8046
augrument/captcha_2556.png,3497
augrument/captcha_2557.png,1603
augrument/captcha_2558.png,9521
augrument/captcha_2559.png,8425
augrument/captcha_2560.png,6088
augrument/captcha_2561.png,1220
augrument/captcha_2562.png,0973
augrument/captcha_2563.png,2513
augrument/captcha_2564.png,2699
augrument/captcha_2565.png,4116
augrument/captcha_2566.png,0968
augrument/captcha_2567.png,2316
augrument/captcha_2568.png,7578
augrument/captcha_2569.png,4170
augrument/captcha_2570.png,5363
augrument/captcha_2571.png,1483
augrument/captcha_2572.png,4083
augrument/captcha_2573.png,6440
augrument/captcha_2574.png,5547
augrument/captcha_2575.png,7993
augrument/captcha_2576.png,7697
augrument/captcha_2577.png,1931
augrument/captcha_2578.png,5377
augrument/captcha_2579.png,5513
augrument/captcha_2580.png,9550
augrument/captcha_2581.png,1406
augrument/captcha_2582.png,5034
augrument/captcha_2583.png,8671
augrument/captcha_2584.png,9089
augrument/captcha_2585.png,8267
augrument/captcha_2586.png,0963
augrument/captcha_2587.png,6069
augrument/captcha_2588.png,0881
augrument/captcha_2589.png,8944
augrument/captcha_2590.png,8335
augrument/captcha_2591.png,3111
augrument/captcha_2592.png,2231
augrument/captcha_2593.png,1354
augrument/captcha_2594.png,2628
augrument/captcha_2595.png,7638
augrument/captcha_2596.png,3556
augrument/captcha_2597.png,8817
augrument/captcha_2598.png,4359
augrument/captcha_2599.png,8667
augrument/captcha_2600.png,0828
augrument/captcha_2601.png,1605
augrument/captcha_2602.png,3992
augrument/captcha_2603.png,5121
augrument/captcha_2604.png,0729
augrument/captcha_2605.png,7668
augrument/captcha_2606.png,6344
augrument/captcha_2607.png,5569
augrument/captcha_2608.png,5730
augrument/captcha_2609.png,4246
augrument/captcha_2610.png,5585
augrument/captcha_2611.png,0031
augrument/captcha_2612.png,8213
augrument/captcha_2613.png,9455
augrument/captcha_2614.png,6271
augrument/captcha_2615.png,0734
augrument/captcha_2616.png,0037
augrument/captcha_2617.png,0739
augrument/captcha_2618.png,2212
augrument/captcha_2619.png,8926
augrument/captcha_2620.png,2901
augrument/captcha_2621.png,7696
augrument/captcha_2622.png,7915
augrument/captcha_2623.png,4491
augrument/captcha_2624.png,7869
augrument/captcha_2625.png,7701
augrument/captcha_2626.png,2574
augrument/captcha_2627.png,3894
augrument/captcha_2628.png,5083
augrument/captcha_2629.png,4186
augrument/captcha_2630.png,0401
augrument/captcha_2631.png,3652
augrument/captcha_2632.png,1842
augrument/captcha_2633.png,6690
augrument/captcha_2634.png,5857
augrument/captcha_2635.png,1256
augrument/captcha_2636.png,0167
augrument/captcha_2637.png,5374
augrument/captcha_2638.png,4282
augrument/captcha_2639.png,3877
augrument/captcha_2640.png,5012
augrument/captcha_2641.png,4953
augrument/captcha_2642.png,7489
augrument/captcha_2643.png,7846
augrument/captcha_2644.png,8430
augrument/captcha_2645.png,4138
augrument/captcha_2646.png,6199
augrument/captcha_2647.png,8881
augrument/captcha_2648.png,3650
augrument/captcha_2649.png,5586
augrument/captcha_2650.png,0251
augrument/captcha_2651.png,1463
augrument/captcha_2652.png,0853
augrument/captcha_2653.png,5192
augrument/captcha_2654.png,2711
augrument/captcha_2655.png,8706
augrument/captcha_2656.png,8445
augrument/captcha_2657.png,3678
augrument/captcha_2658.png,3899
augrument/captcha_2659.png,3665
augrument/captcha_2660.png,9632
augrument/captcha_2661.png,7358
augrument/captcha_2662.png,4061
augrument/captcha_2663.png,8943
augrument/captcha_2664.png,6094
augrument/captcha_2665.png,2061
augrument/captcha_2666.png,3089
augrument/captcha_2667.png,1529
augrument/captcha_2668.png,1594
augrument/captcha_2669.png,4959
augrument/captcha_2670.png,0627
augrument/captcha_2671.png,8880
augrument/captcha_2672.png,2746
augrument/captcha_2673.png,8188
augrument/captcha_2674.png,9351
augrument/captcha_2675.png,2786
augrument/captcha_2676.png,1642
augrument/captcha_2677.png,7204
augrument/captcha_2678.png,6397
augrument/captcha_2679.png,8849
augrument/captcha_2680.png,2710
augrument/captcha_2681.png,2150
augrument/captcha_2682.png,9851
augrument/captcha_2683.png,4864
augrument/captcha_2684.png,6986
augrument/captcha_2685.png,4352
augrument/captcha_2686.png,0492
augrument/captcha_2687.png,7163
augrument/captcha_2688.png,1379
augrument/captcha_2689.png,2375
augrument/captcha_2690.png,9080
augrument/captcha_2691.png,4795
augrument/captcha_2692.png,9272
augrument/captcha_2693.png,4568
augrument/captcha_2694.png,1458
augrument/captcha_2695.png,3654
augrument/captcha_2696.png,2592
augrument/captcha_2697.png,4217
augrument/captcha_2698.png,4864
augrument/captcha_2699.png,9272
augrument/captcha_2700.png,1497
augrument/captcha_2701.png,3433
augrument/captcha_2702.png,3858
augrument/captcha_2703.png,6003
augrument/captcha_2704.png,0456
augrument/captcha_2705.png,2992
augrument/captcha_2706.png,0848
augrument/captcha_2707.png,8879
augrument/captcha_2708.png,4713
augrument/captcha_2709.png,6058
augrument/captcha_2710.png,7109
augrument/captcha_2711.png,1808
augrument/captcha_2712.png,8236
augrument/captcha_2713.png,5018
augrument/captcha_2714.png,1468
augrument/captcha_2715.png,4873
augrument/captcha_2716.png,6971
augrument/captcha_2717.png,0320
augrument/captcha_2718.png,1345
augrument/captcha_2719.png,0829
augrument/captcha_2720.png,5114
augrument/captcha_2721.png,1919
augrument/captcha_2722.png,4860
augrument/captcha_2723.png,0738
augrument/captcha_2724.png,0689
augrument/captcha_2725.png,7933
augrument/captcha_2726.png,5645
augrument/captcha_2727.png,5098
augrument/captcha_2728.png,6374
augrument/captcha_2729.png,2748
augrument/captcha_2730.png,8512
augrument/captcha_2731.png,0093
augrument/captcha_2732.png,5183
augrument/captcha_2733.png,1226
augrument/captcha_2734.png,9083
augrument/captcha_2735.png,9083
augrument/captcha_2736.png,2274
augrument/captcha_2737.png,4548
augrument/captcha_2738.png,9713
augrument/captcha_2739.png,0355
augrument/captcha_2740.png,8642
augrument/captcha_2741.png,4394
augrument/captcha_2742.png,4320
augrument/captcha_2743.png,5359
augrument/captcha_2744.png,8942
augrument/captcha_2745.png,7957
augrument/captcha_2746.png,7397
augrument/captcha_2747.png,4105
augrument/captcha_2748.png,6374
augrument/captcha_2749.png,5164
augrument/captcha_2750.png,8056
augrument/captcha_2751.png,6012
augrument/captcha_2752.png,2671
augrument/captcha_2753.png,7113
augrument/captcha_2754.png,8027
augrument/captcha_2755.png,1537
augrument/captcha_2756.png,1282
augrument/captcha_2757.png,3293
augrument/captcha_2758.png,0579
augrument/captcha_2759.png,6968
augrument/captcha_2760.png,6014
augrument/captcha_2761.png,3071
augrument/captcha_2762.png,9369
augrument/captcha_2763.png,4336
augrument/captcha_2764.png,4068
augrument/captcha_2765.png,7816
augrument/captcha_2766.png,3744
augrument/captcha_2767.png,2464
augrument/captcha_2768.png,3118
augrument/captcha_2769.png,9968
augrument/captcha_2770.png,3544
augrument/captcha_2771.png,7795
augrument/captcha_2772.png,0250
augrument/captcha_2773.png,6382
augrument/captcha_2774.png,6673
augrument/captcha_2775.png,8354
augrument/captcha_2776.png,6109
augrument/captcha_2777.png,8801
augrument/captcha_2778.png,4202
augrument/captcha_2779.png,5709
augrument/captcha_2780.png,5427
augrument/captcha_2781.png,3806
augrument/captcha_2782.png,8505
augrument/captcha_2783.png,3787
augrument/captcha_2784.png,8783
augrument/captcha_2785.png,5965
augrument/captcha_2786.png,4961
augrument/captcha_2787.png,3969
augrument/captcha_2788.png,3017
augrument/captcha_2789.png,1873
augrument/captcha_2790.png,1835
augrument/captcha_2791.png,5738
augrument/captcha_2792.png,5824
augrument/captcha_2793.png,9045
augrument/captcha_2794.png,0011
augrument/captcha_2795.png,5435
augrument/captcha_2796.png,4571
augrument/captcha_2797.png,6068
augrument/captcha_2798.png,0622
augrument/captcha_2799.png,3220
augrument/captcha_2800.png,3769
augrument/captcha_2801.png,7006
augrument/captcha_2802.png,6404
augrument/captcha_2803.png,0973
augrument/captcha_2804.png,6506
augrument/captcha_2805.png,4455
augrument/captcha_2806.png,1768
augrument/captcha_2807.png,8881
augrument/captcha_2808.png,9790
augrument/captcha_2809.png,3293
augrument/captcha_2810.png,9758
augrument/captcha_2811.png,6940
augrument/captcha_2812.png,1878
augrument/captcha_2813.png,1429
augrument/captcha_2814.png,4831
augrument/captcha_2815.png,3250
augrument/captcha_2816.png,9868
augrument/captcha_2817.png,6900
augrument/captcha_2818.png,5041
augrument/captcha_2819.png,3704
augrument/captcha_2820.png,6932
augrument/captcha_2821.png,6475
augrument/captcha_2822.png,1179
augrument/captcha_2823.png,6849
augrument/captcha_2824.png,5124
augrument/captcha_2825.png,9295
augrument/captcha_2826.png,6745
augrument/captcha_2827.png,2788
augrument/captcha_2828.png,6338
augrument/captcha_2829.png,5822
augrument/captcha_2830.png,3519
augrument/captcha_2831.png,7861
augrument/captcha_2832.png,8272
augrument/captcha_2833.png,3747
augrument/captcha_2834.png,2714
augrument/captcha_2835.png,2605
augrument/captcha_2836.png,7877
augrument/captcha_2837.png,4399
augrument/captcha_2838.png,6049
augrument/captcha_2839.png,9100
augrument/captcha_2840.png,9771
augrument/captcha_2841.png,7155
augrument/captcha_2842.png,1216
augrument/captcha_2843.png,0042
augrument/captcha_2844.png,2474
augrument/captcha_2845.png,4959
augrument/captcha_2846.png,3714
augrument/captcha_2847.png,0157
augrument/captcha_2848.png,8077
augrument/captcha_2849.png,3005
augrument/captcha_2850.png,4536
augrument/captcha_2851.png,0906
augrument/captcha_2852.png,2322
augrument/captcha_2853.png,1078
augrument/captcha_2854.png,4046
augrument/captcha_2855.png,3155
augrument/captcha_2856.png,8130
augrument/captcha_2857.png,7023
augrument/captcha_2858.png,8008
augrument/captcha_2859.png,9715
augrument/captcha_2860.png,7006
augrument/captcha_2861.png,8088
augrument/captcha_2862.png,6086
augrument/captcha_2863.png,7247
augrument/captcha_2864.png,1639
augrument/captcha_2865.png,8405
augrument/captcha_2866.png,9509
augrument/captcha_2867.png,7527
augrument/captcha_2868.png,7544
augrument/captcha_2869.png,0860
augrument/captcha_2870.png,4516
augrument/captcha_2871.png,7639
augrument/captcha_2872.png,4966
augrument/captcha_2873.png,6225
augrument/captcha_2874.png,4607
augrument/captcha_2875.png,7305
augrument/captcha_2876.png,8087
augrument/captcha_2877.png,9278
augrument/captcha_2878.png,5931
augrument/captcha_2879.png,9104
augrument/captcha_2880.png,5005
augrument/captcha_2881.png,0603
augrument/captcha_2882.png,2905
augrument/captcha_2883.png,3590
augrument/captcha_2884.png,1017
augrument/captcha_2885.png,6860
augrument/captcha_2886.png,9472
augrument/captcha_2887.png,1332
augrument/captcha_2888.png,1458
augrument/captcha_2889.png,2512
augrument/captcha_2890.png,8187
augrument/captcha_2891.png,2462
augrument/captcha_2892.png,6412
augrument/captcha_2893.png,1420
augrument/captcha_2894.png,3176
augrument/captcha_2895.png,0015
augrument/captcha_2896.png,5400
augrument/captcha_2897.png,7742
augrument/captcha_2898.png,2409
augrument/captcha_2899.png,8293
augrument/captcha_2900.png,0513
augrument/captcha_2901.png,7667
augrument/captcha_2902.png,5809
augrument/captcha_2903.png,8715
augrument/captcha_2904.png,9728
augrument/captcha_2905.png,6438
augrument/captcha_2906.png,5549
augrument/captcha_2907.png,6428
augrument/captcha_2908.png,0099
augrument/captcha_2909.png,9546
augrument/captcha_2910.png,2385
augrument/captcha_2911.png,4700
augrument/captcha_2912.png,8359
augrument/captcha_2913.png,5578
augrument/captcha_2914.png,8577
augrument/captcha_2915.png,4696
augrument/captcha_2916.png,5506
augrument/captcha_2917.png,9192
augrument/captcha_2918.png,5784
augrument/captcha_2919.png,2278
augrument/captcha_2920.png,8823
augrument/captcha_2921.png,3012
augrument/captcha_2922.png,8723
augrument/captcha_2923.png,5369
augrument/captcha_2924.png,0416
augrument/captcha_2925.png,7823
augrument/captcha_2926.png,0298
augrument/captcha_2927.png,1380
augrument/captcha_2928.png,8213
augrument/captcha_2929.png,8935
augrument/captcha_2930.png,7044
augrument/captcha_2931.png,8989
augrument/captcha_2932.png,9364
augrument/captcha_2933.png,9458
augrument/captcha_2934.png,4988
augrument/captcha_2935.png,2820
augrument/captcha_2936.png,6365
augrument/captcha_2937.png,8777
augrument/captcha_2938.png,6359
augrument/captcha_2939.png,1003
augrument/captcha_2940.png,2417
augrument/captcha_2941.png,6116
augrument/captcha_2942.png,0622
augrument/captcha_2943.png,2793
augrument/captcha_2944.png,8301
augrument/captcha_2945.png,6739
augrument/captcha_2946.png,2219
augrument/captcha_2947.png,0090
augrument/captcha_2948.png,5155
augrument/captcha_2949.png,6856
augrument/captcha_2950.png,4854
augrument/captcha_2951.png,7245
augrument/captcha_2952.png,9844
augrument/captcha_2953.png,7351
augrument/captcha_2954.png,4520
augrument/captcha_2955.png,8829
augrument/captcha_2956.png,2497
augrument/captcha_2957.png,7242
augrument/captcha_2958.png,6420
augrument/captcha_2959.png,7348
augrument/captcha_2960.png,6986
augrument/captcha_2961.png,0694
augrument/captcha_2962.png,2829
augrument/captcha_2963.png,8903
augrument/captcha_2964.png,5462
augrument/captcha_2965.png,2009
augrument/captcha_2966.png,9547
augrument/captcha_2967.png,2563
augrument/captcha_2968.png,8888
augrument/captcha_2969.png,9794
augrument/captcha_2970.png,1837
augrument/captcha_2971.png,2501
augrument/captcha_2972.png,9992
augrument/captcha_2973.png,4852
augrument/captcha_2974.png,3151
augrument/captcha_2975.png,8182
augrument/captcha_2976.png,6772
augrument/captcha_2977.png,6026
augrument/captcha_2978.png,7834
augrument/captcha_2979.png,6248
augrument/captcha_2980.png,3625
augrument/captcha_2981.png,2320
augrument/captcha_2982.png,7617
augrument/captcha_2983.png,8937
augrument/captcha_2984.png,8566
augrument/captcha_2985.png,7306
augrument/captcha_2986.png,6059
augrument/captcha_2987.png,9495
augrument/captcha_2988.png,9489
augrument/captcha_2989.png,0388
augrument/captcha_2990.png,7792
augrument/captcha_2991.png,0343
augrument/captcha_2992.png,3657
augrument/captcha_2993.png,6126
augrument/captcha_2994.png,6053
augrument/captcha_2995.png,0482
augrument/captcha_2996.png,7931
augrument/captcha_2997.png,8380
augrument/captcha_2998.png,8379
augrument/captcha_2999.png,0488
